method,query_id,query,query_type,answerable,hit_at_k,recall_at_k,mrr,ndcg_at_k,map_at_k,top_material_ids
tfidf_char_2_4,q001,随机信号一页纸,exact,True,1.0,1.0,1.0,1.0,1.0,"[163, 192, 15, 164, 50, 208, 45, 92, 18, 44]"
tfidf_char_2_4,q002,考试前快速复习随机过程和随机信号的资料,semantic,True,1.0,1.0,1.0,0.9475083622890744,0.95,"[192, 164, 163, 50, 15, 208, 18, 45, 139, 31]"
tfidf_char_2_4,q003,随机信号历年期末题答案,semantic,True,1.0,1.0,1.0,0.7967075809905066,1.0,"[50, 208, 192, 164, 163, 15, 209, 127, 128, 206]"
tfidf_char_2_4,q004,通信原理教材和课程讲义,semantic,True,1.0,1.0,1.0,0.9514426589871553,1.0,"[48, 168, 18, 212, 161, 38, 27, 50, 53, 20]"
tfidf_char_2_4,q005,CPS 通信原理往年期末解析,acronym,True,1.0,1.0,1.0,0.7075790686744426,0.9166666666666666,"[48, 18, 168, 209, 206, 208, 207, 127, 132, 210]"
tfidf_char_2_4,q006,DCD 数字电路设计复习资料,acronym,True,1.0,1.0,1.0,0.7824738971170079,0.875,"[46, 47, 176, 102, 171, 100, 99, 206, 26, 23]"
tfidf_char_2_4,q007,数字通信样卷和标准答案,semantic,True,1.0,1.0,1.0,1.0,1.0,"[113, 54, 172, 143, 142, 103, 39, 46, 47, 176]"
tfidf_char_2_4,q008,ADC 高阶数字通信期中样题答案,acronym,True,1.0,1.0,1.0,0.9651911745127936,0.8333333333333334,"[54, 172, 113, 50, 39, 55, 131, 46, 69, 47]"
tfidf_char_2_4,q009,信息论近六年期末考试答案,semantic,True,1.0,1.0,1.0,1.0,1.0,"[210, 209, 208, 132, 53, 206, 207, 127, 128, 166]"
tfidf_char_2_4,q010,信息论课后作业参考答案,semantic,True,1.0,1.0,1.0,1.0,1.0,"[167, 53, 210, 166, 165, 50, 209, 132, 206, 208]"
tfidf_char_2_4,q011,大物二老师期末复习 PPT,exact,True,1.0,1.0,1.0,1.0,1.0,"[213, 41, 32, 87, 102, 117, 179, 158, 159, 31]"
tfidf_char_2_4,q012,大学物理下册历年期末卷答案解析,semantic,True,1.0,0.75,1.0,0.9368830196397312,0.75,"[144, 143, 142, 39, 38, 40, 41, 30, 28, 32]"
tfidf_char_2_4,q013,大学物理 II 例题讲解和重做,semantic,True,1.0,1.0,1.0,1.0,1.0,"[186, 187, 188, 185, 31, 41, 38, 144, 143, 142]"
tfidf_char_2_4,q014,大物一历年期中考试答案,semantic,True,1.0,1.0,1.0,0.5446908059639238,0.49583333333333335,"[31, 82, 81, 129, 130, 214, 39, 30, 28, 29]"
tfidf_char_2_4,q015,大学物理教材作业答案,semantic,True,1.0,1.0,1.0,0.8772153153380493,0.75,"[38, 161, 40, 212, 39, 41, 30, 28, 29, 32]"
tfidf_char_2_4,q016,概率论 2021 期末真题,exact,True,1.0,1.0,1.0,1.0,1.0,"[36, 37, 42, 40, 26, 69, 33, 141, 72, 25]"
tfidf_char_2_4,q017,概率论教材课后习题答案,semantic,True,1.0,1.0,1.0,1.0,1.0,"[161, 50, 36, 37, 141, 38, 27, 212, 20, 160]"
tfidf_char_2_4,q018,概率论考前复习笔记,semantic,True,1.0,1.0,1.0,1.0,1.0,"[141, 179, 161, 36, 37, 159, 99, 185, 131, 198]"
tfidf_char_2_4,q019,线性代数期末复习讲座和往年卷,semantic,True,1.0,1.0,1.0,0.8315546295836226,0.6666666666666666,"[87, 32, 47, 31, 41, 88, 213, 209, 206, 208]"
tfidf_char_2_4,q020,线代课本与习题答案,semantic,True,1.0,1.0,0.5,0.6309297535714574,0.5,"[50, 27, 160, 48, 44, 38, 90, 161, 212, 82]"
tfidf_char_2_4,q021,Calculus I 微积分一期末试卷和答案,bilingual,True,1.0,1.0,1.0,1.0,1.0,"[79, 80, 20, 85, 162, 73, 76, 75, 213, 33]"
tfidf_char_2_4,q022,微积分二期中真题自制解析,semantic,True,1.0,1.0,1.0,1.0,1.0,"[214, 196, 129, 130, 81, 39, 30, 28, 144, 29]"
tfidf_char_2_4,q023,Thomas Calculus 托马斯微积分教材答案,bilingual,True,1.0,1.0,1.0,1.0,1.0,"[85, 20, 79, 80, 38, 161, 27, 212, 53, 50]"
tfidf_char_2_4,q024,信号与系统期中考试解析,semantic,True,1.0,1.0,1.0,1.0,1.0,"[129, 130, 44, 45, 127, 128, 31, 214, 208, 144]"
tfidf_char_2_4,q025,信号与系统五年期末考讲解,semantic,True,1.0,1.0,1.0,1.0,1.0,"[127, 128, 44, 206, 45, 129, 130, 208, 209, 207]"
tfidf_char_2_4,q026,信号与系统开卷一页纸,exact,True,1.0,1.0,1.0,1.0,1.0,"[45, 44, 129, 130, 127, 128, 15, 92, 163, 192]"
tfidf_char_2_4,q027,CAD 电路分析与设计历年期末真题,acronym,True,1.0,1.0,1.0,1.0,1.0,"[26, 23, 22, 25, 24, 21, 140, 145, 131, 208]"
tfidf_char_2_4,q028,电路分析知识点复习和自查,semantic,True,1.0,0.6666666666666666,1.0,0.8304853296300547,0.5,"[21, 31, 26, 145, 23, 22, 25, 24, 185, 91]"
tfidf_char_2_4,q029,功率半导体开卷考试一页纸,semantic,True,1.0,1.0,1.0,1.0,1.0,"[92, 160, 45, 15, 163, 192, 159, 158, 191, 31]"
tfidf_char_2_4,q030,Power Electronics 功率器件历年真题,bilingual,True,1.0,1.0,1.0,1.0,1.0,"[73, 71, 72, 74, 76, 77, 78, 75, 158, 68]"
tfidf_char_2_4,q031,ED 电子器件历年期末试卷,acronym,True,0.0,0.0,0.0,0.0,0.0,"[162, 91, 209, 206, 128, 208, 207, 132, 210, 127]"
tfidf_char_2_4,q032,Electronic Devices 电子器件知识点笔记,bilingual,True,1.0,1.0,1.0,1.0,1.0,"[91, 158, 77, 78, 75, 76, 185, 159, 73, 71]"
tfidf_char_2_4,q033,MNNT 微纳工艺课程 PPT,acronym,True,1.0,1.0,1.0,1.0,1.0,"[101, 102, 100, 99, 98, 97, 117, 179, 41, 158]"
tfidf_char_2_4,q034,微纳工艺 2021 2022 期末试卷,semantic,True,1.0,1.0,0.3333333333333333,0.5437713091520254,0.3666666666666667,"[162, 42, 97, 40, 98, 26, 36, 37, 101, 69]"
tfidf_char_2_4,q035,微纳工艺复习题和问答资料,semantic,True,1.0,1.0,1.0,1.0,1.0,"[100, 99, 101, 98, 97, 213, 44, 160, 47, 41]"
tfidf_char_2_4,q036,ESD 电子系统设计历年期末卷,acronym,True,1.0,1.0,1.0,1.0,1.0,"[70, 68, 69, 67, 128, 103, 127, 209, 206, 208]"
tfidf_char_2_4,q037,Electronic System Design 样卷答案,bilingual,True,0.0,0.0,0.0,0.0,0.0,"[70, 68, 67, 69, 48, 158, 77, 78, 75, 76]"
tfidf_char_2_4,q038,AI ML 人工智能与机器学习期末复习,bilingual,True,1.0,1.0,0.2,0.430624116386567,0.225,"[41, 32, 213, 87, 159, 142, 99, 207, 47, 178]"
tfidf_char_2_4,q039,嵌入式处理器 PPT 和复习笔记,semantic,True,1.0,1.0,1.0,1.0,1.0,"[175, 179, 102, 159, 41, 213, 117, 158, 101, 44]"
tfidf_char_2_4,q040,数字信号处理课程笔记,exact,True,1.0,1.0,1.0,1.0,1.0,"[170, 173, 175, 176, 172, 164, 46, 102, 47, 54]"
tfidf_char_2_4,q041,电磁场与电磁波复习资料和网课教材,semantic,True,1.0,1.0,1.0,1.0,1.0,"[56, 169, 100, 99, 213, 161, 38, 27, 212, 50]"
tfidf_char_2_4,q042,移动通信自学笔记,semantic,True,1.0,1.0,1.0,1.0,1.0,"[174, 185, 176, 131, 164, 168, 126, 141, 172, 171]"
tfidf_char_2_4,q043,数字图像处理学习笔记,exact,True,1.0,1.0,1.0,1.0,1.0,"[173, 170, 175, 176, 172, 185, 198, 131, 164, 169]"
tfidf_char_2_4,q044,大学英语四六级历年听力真题解析,semantic,True,1.0,1.0,1.0,1.0,1.0,"[106, 144, 143, 142, 129, 130, 127, 196, 128, 209]"
tfidf_char_2_4,q045,EAGP 英文学术写作衔接技巧,bilingual,True,1.0,1.0,0.25,0.4306765580733931,0.25,"[149, 150, 155, 154, 153, 53, 156, 68, 198, 78]"
tfidf_char_2_4,q046,EAGP 听力与课堂记笔记技巧,bilingual,True,1.0,1.0,0.3333333333333333,0.5196610607458307,0.3666666666666667,"[149, 155, 150, 154, 153, 106, 185, 156, 131, 164]"
tfidf_char_2_4,q047,英文 Academic Poster 学术海报模板,bilingual,True,1.0,1.0,1.0,0.91311732856428,0.625,"[197, 79, 99, 188, 25, 142, 76, 117, 28, 161]"
tfidf_char_2_4,q048,电子科大答辩 PPT 模板,semantic,True,1.0,1.0,1.0,1.0,1.0,"[117, 102, 41, 179, 101, 213, 44, 158, 159, 199]"
tfidf_char_2_4,q049,中国近现代史纲要思维导图重点,semantic,True,1.0,1.0,1.0,1.0,1.0,"[198, 52, 181, 180, 183, 182, 193, 160, 90, 15]"
tfidf_char_2_4,q050,毛概期末考前背诵重点,semantic,True,1.0,1.0,1.0,0.8175295903539446,0.6428571428571428,"[193, 209, 206, 127, 128, 208, 90, 207, 132, 210]"
tfidf_char_2_4,q051,马克思主义基本原理思维导图,semantic,True,1.0,1.0,1.0,1.0,1.0,"[52, 90, 193, 198, 181, 180, 182, 183, 48, 168]"
tfidf_char_2_4,q052,军事理论期末速成笔记,semantic,True,1.0,1.0,1.0,1.0,1.0,"[183, 182, 139, 52, 131, 103, 99, 193, 140, 126]"
tfidf_char_2_4,q053,研究生矩阵理论简明笔记,semantic,True,1.0,1.0,1.0,1.0,1.0,"[177, 178, 166, 87, 182, 183, 90, 211, 185, 131]"
tfidf_char_2_4,q054,研究生最优化理论复习笔记,semantic,True,1.0,1.0,1.0,1.0,1.0,"[178, 177, 166, 179, 159, 99, 183, 182, 185, 131]"
tfidf_char_2_4,q055,EfES 英语写作 Problem-Solution Essay 往年题,bilingual,True,1.0,1.0,1.0,0.9243382314975351,0.6666666666666666,"[196, 161, 197, 46, 149, 154, 100, 30, 195, 150]"
tfidf_char_2_4,q056,操作系统期末试卷与答案,no_answer,False,0.0,0.0,0.0,0.0,0.0,"[162, 129, 130, 127, 128, 80, 44, 79, 45, 139]"
tfidf_char_2_4,q057,医学影像分割深度学习教程,no_answer,False,0.0,0.0,0.0,0.0,0.0,"[178, 185, 198, 99, 131, 164, 169, 21, 168, 170]"
tfidf_char_2_4,q058,Python 数据结构课程作业,no_answer,False,0.0,0.0,0.0,0.0,0.0,"[161, 85, 212, 36, 30, 67, 76, 69, 46, 160]"
tfidf_char_2_4,q059,考研英语阅读真题精讲,no_answer,False,0.0,0.0,0.0,0.0,0.0,"[211, 159, 103, 26, 36, 42, 37, 23, 22, 25]"
tfidf_char_2_4,q060,有机化学实验报告模板,no_answer,False,0.0,0.0,0.0,0.0,0.0,"[117, 139, 141, 181, 193, 90, 198, 212, 192, 187]"
bm25_mixed_tokens,q001,随机信号一页纸,exact,True,1.0,1.0,1.0,1.0,1.0,"[192, 163, 15, 45, 50, 164, 208, 92, 18, 141]"
bm25_mixed_tokens,q002,考试前快速复习随机过程和随机信号的资料,semantic,True,1.0,1.0,1.0,0.9078586377419405,0.7708333333333333,"[192, 208, 163, 15, 50, 164, 45, 141, 18, 139]"
bm25_mixed_tokens,q003,随机信号历年期末题答案,semantic,True,1.0,1.0,1.0,0.7967075809905066,1.0,"[50, 208, 192, 15, 163, 164, 127, 128, 210, 130]"
bm25_mixed_tokens,q004,通信原理教材和课程讲义,semantic,True,1.0,1.0,1.0,1.0,1.0,"[18, 48, 168, 212, 50, 20, 53, 56, 85, 27]"
bm25_mixed_tokens,q005,CPS 通信原理往年期末解析,acronym,True,1.0,1.0,1.0,1.0,1.0,"[209, 48, 18, 206, 127, 207, 208, 128, 132, 210]"
bm25_mixed_tokens,q006,DCD 数字电路设计复习资料,acronym,True,1.0,0.75,1.0,0.7519536097687967,0.75,"[47, 46, 176, 102, 171, 100, 99, 23, 26, 22]"
bm25_mixed_tokens,q007,数字通信样卷和标准答案,semantic,True,1.0,1.0,1.0,1.0,1.0,"[113, 54, 172, 142, 143, 39, 103, 46, 31, 90]"
bm25_mixed_tokens,q008,ADC 高阶数字通信期中样题答案,acronym,True,1.0,1.0,1.0,0.9726097514324383,0.8666666666666667,"[54, 172, 113, 39, 55, 50, 69, 129, 130, 30]"
bm25_mixed_tokens,q009,信息论近六年期末考试答案,semantic,True,1.0,1.0,1.0,1.0,1.0,"[210, 209, 208, 132, 53, 166, 167, 165, 206, 207]"
bm25_mixed_tokens,q010,信息论课后作业参考答案,semantic,True,1.0,1.0,1.0,0.9197207891481876,0.8333333333333333,"[167, 210, 53, 50, 166, 165, 161, 212, 213, 132]"
bm25_mixed_tokens,q011,大物二老师期末复习 PPT,exact,True,1.0,1.0,1.0,1.0,1.0,"[213, 41, 32, 179, 158, 159, 31, 87, 40, 126]"
bm25_mixed_tokens,q012,大学物理下册历年期末卷答案解析,semantic,True,1.0,0.75,1.0,0.9368830196397312,0.75,"[144, 143, 142, 209, 206, 207, 208, 128, 127, 132]"
bm25_mixed_tokens,q013,大学物理 II 例题讲解和重做,semantic,True,1.0,1.0,1.0,0.9890862835774268,0.9166666666666666,"[186, 188, 187, 31, 213, 185, 144, 142, 143, 139]"
bm25_mixed_tokens,q014,大物一历年期中考试答案,semantic,True,1.0,1.0,1.0,0.7833815686333752,0.8875,"[31, 30, 39, 28, 29, 82, 214, 130, 129, 38]"
bm25_mixed_tokens,q015,大学物理教材作业答案,semantic,True,1.0,1.0,0.5,0.6934264036172708,0.5833333333333333,"[161, 212, 38, 27, 50, 20, 53, 144, 40, 30]"
bm25_mixed_tokens,q016,概率论 2021 期末真题,exact,True,1.0,1.0,1.0,1.0,1.0,"[36, 37, 26, 42, 141, 40, 69, 72, 161, 33]"
bm25_mixed_tokens,q017,概率论教材课后习题答案,semantic,True,1.0,1.0,0.5,0.6309297535714574,0.5,"[50, 161, 160, 27, 212, 38, 20, 53, 141, 36]"
bm25_mixed_tokens,q018,概率论考前复习笔记,semantic,True,1.0,1.0,1.0,1.0,1.0,"[141, 214, 179, 159, 161, 36, 37, 99, 158, 139]"
bm25_mixed_tokens,q019,线性代数期末复习讲座和往年卷,semantic,True,1.0,1.0,1.0,0.8772153153380493,0.75,"[87, 31, 32, 88, 47, 213, 214, 127, 128, 209]"
bm25_mixed_tokens,q020,线代课本与习题答案,semantic,True,1.0,1.0,0.5,0.6309297535714574,0.5,"[160, 27, 50, 44, 90, 139, 129, 130, 128, 127]"
bm25_mixed_tokens,q021,Calculus I 微积分一期末试卷和答案,bilingual,True,1.0,1.0,1.0,1.0,1.0,"[80, 79, 20, 85, 162, 214, 73, 40, 31, 142]"
bm25_mixed_tokens,q022,微积分二期中真题自制解析,semantic,True,1.0,1.0,1.0,1.0,1.0,"[214, 196, 130, 129, 144, 128, 127, 209, 206, 207]"
bm25_mixed_tokens,q023,Thomas Calculus 托马斯微积分教材答案,bilingual,True,1.0,1.0,1.0,1.0,1.0,"[85, 20, 80, 79, 38, 27, 161, 212, 50, 53]"
bm25_mixed_tokens,q024,信号与系统期中考试解析,semantic,True,1.0,1.0,1.0,1.0,1.0,"[129, 130, 128, 127, 45, 44, 31, 214, 208, 192]"
bm25_mixed_tokens,q025,信号与系统五年期末考讲解,semantic,True,1.0,1.0,1.0,1.0,1.0,"[127, 128, 44, 45, 206, 130, 129, 208, 31, 209]"
bm25_mixed_tokens,q026,信号与系统开卷一页纸,exact,True,1.0,1.0,1.0,1.0,1.0,"[45, 192, 15, 44, 92, 163, 130, 129, 127, 128]"
bm25_mixed_tokens,q027,CAD 电路分析与设计历年期末真题,acronym,True,1.0,1.0,1.0,1.0,1.0,"[26, 22, 23, 24, 25, 21, 145, 208, 46, 47]"
bm25_mixed_tokens,q028,电路分析知识点复习和自查,semantic,True,1.0,0.6666666666666666,1.0,0.8472668887613066,0.5555555555555555,"[21, 31, 145, 22, 23, 26, 24, 25, 47, 185]"
bm25_mixed_tokens,q029,功率半导体开卷考试一页纸,semantic,True,1.0,1.0,1.0,1.0,1.0,"[92, 160, 45, 15, 192, 163, 158, 159, 73, 74]"
bm25_mixed_tokens,q030,Power Electronics 功率器件历年真题,bilingual,True,1.0,1.0,1.0,1.0,1.0,"[73, 72, 71, 74, 196, 68, 92, 25, 91, 113]"
bm25_mixed_tokens,q031,ED 电子器件历年期末试卷,acronym,True,1.0,1.0,0.3333333333333333,0.6533933590057492,0.5249999999999999,"[91, 162, 75, 78, 77, 76, 98, 79, 80, 74]"
bm25_mixed_tokens,q032,Electronic Devices 电子器件知识点笔记,bilingual,True,1.0,1.0,1.0,0.8772153153380493,0.75,"[91, 185, 21, 158, 159, 177, 77, 78, 75, 76]"
bm25_mixed_tokens,q033,MNNT 微纳工艺课程 PPT,acronym,True,1.0,1.0,1.0,1.0,1.0,"[101, 100, 98, 99, 97, 117, 102, 41, 213, 44]"
bm25_mixed_tokens,q034,微纳工艺 2021 2022 期末试卷,semantic,True,1.0,1.0,1.0,1.0,1.0,"[97, 98, 101, 100, 99, 162, 143, 21, 36]"
bm25_mixed_tokens,q035,微纳工艺复习题和问答资料,semantic,True,1.0,1.0,1.0,1.0,1.0,"[100, 99, 101, 98, 97, 213, 160, 214, 44, 153]"
bm25_mixed_tokens,q036,ESD 电子系统设计历年期末卷,acronym,True,1.0,1.0,1.0,1.0,1.0,"[70, 69, 68, 67, 103, 128, 127, 46, 23, 26]"
bm25_mixed_tokens,q037,Electronic System Design 样卷答案,bilingual,True,1.0,1.0,0.16666666666666666,0.3562071871080222,0.16666666666666666,"[70, 68, 67, 69, 39, 103, 54, 113]"
bm25_mixed_tokens,q038,AI ML 人工智能与机器学习期末复习,bilingual,True,1.0,0.5,1.0,0.6131471927654584,0.5,"[159, 160, 41, 142, 87, 32, 213, 179, 99, 158]"
bm25_mixed_tokens,q039,嵌入式处理器 PPT 和复习笔记,semantic,True,1.0,1.0,1.0,1.0,1.0,"[175, 179, 159, 158, 214, 213, 41, 170, 173, 99]"
bm25_mixed_tokens,q040,数字信号处理课程笔记,exact,True,1.0,1.0,1.0,1.0,1.0,"[170, 173, 172, 176, 175, 18, 164, 113, 102, 46]"
bm25_mixed_tokens,q041,电磁场与电磁波复习资料和网课教材,semantic,True,1.0,1.0,1.0,1.0,1.0,"[56, 169, 213, 100, 99, 27, 161, 212, 50, 38]"
bm25_mixed_tokens,q042,移动通信自学笔记,semantic,True,1.0,1.0,1.0,1.0,1.0,"[174, 176, 185, 131, 171, 141, 168, 164, 126, 179]"
bm25_mixed_tokens,q043,数字图像处理学习笔记,exact,True,1.0,1.0,1.0,1.0,1.0,"[173, 170, 175, 172, 176, 18, 185, 155, 154, 131]"
bm25_mixed_tokens,q044,大学英语四六级历年听力真题解析,semantic,True,1.0,1.0,1.0,1.0,1.0,"[106, 144, 196, 130, 129, 127, 128, 209, 214, 206]"
bm25_mixed_tokens,q045,EAGP 英文学术写作衔接技巧,bilingual,True,1.0,1.0,0.2,0.38685280723454163,0.2,"[53, 153, 149, 150, 154, 155, 198, 212, 193, 192]"
bm25_mixed_tokens,q046,EAGP 听力与课堂记笔记技巧,bilingual,True,1.0,1.0,0.25,0.41292402253795163,0.29166666666666663,"[106, 154, 155, 153, 149, 150, 169, 21, 198, 181]"
bm25_mixed_tokens,q047,英文 Academic Poster 学术海报模板,bilingual,True,1.0,1.0,1.0,1.0,1.0,"[197, 117, 53, 198, 212, 193, 192, 187, 188, 180]"
bm25_mixed_tokens,q048,电子科大答辩 PPT 模板,semantic,True,1.0,1.0,1.0,1.0,1.0,"[117, 102, 101, 41, 213, 44, 179, 158, 159, 210]"
bm25_mixed_tokens,q049,中国近现代史纲要思维导图重点,semantic,True,1.0,1.0,1.0,1.0,1.0,"[198, 52, 193, 180, 181, 182, 183, 90, 160, 15]"
bm25_mixed_tokens,q050,毛概期末考前背诵重点,semantic,True,1.0,1.0,1.0,1.0,1.0,"[90, 193, 209, 206, 207, 208, 127, 128, 132, 210]"
bm25_mixed_tokens,q051,马克思主义基本原理思维导图,semantic,True,1.0,1.0,1.0,1.0,1.0,"[52, 90, 193, 198, 180, 181, 183, 182, 126, 48]"
bm25_mixed_tokens,q052,军事理论期末速成笔记,semantic,True,1.0,1.0,1.0,1.0,1.0,"[183, 182, 177, 181, 178, 139, 131, 141, 126, 99]"
bm25_mixed_tokens,q053,研究生矩阵理论简明笔记,semantic,True,1.0,1.0,1.0,1.0,1.0,"[177, 178, 166, 182, 183, 87, 181, 198, 90, 193]"
bm25_mixed_tokens,q054,研究生最优化理论复习笔记,semantic,True,1.0,1.0,1.0,1.0,1.0,"[178, 177, 166, 182, 183, 179, 159, 99, 181, 158]"
bm25_mixed_tokens,q055,EfES 英语写作 Problem-Solution Essay 往年题,bilingual,True,1.0,1.0,1.0,0.9243382314975351,0.6666666666666666,"[196, 31, 149, 150, 197, 154, 195, 210, 213, 209]"
bm25_mixed_tokens,q056,操作系统期末试卷与答案,no_answer,False,0.0,0.0,0.0,0.0,0.0,"[162, 130, 129, 128, 127, 80, 44, 45, 79, 144]"
bm25_mixed_tokens,q057,医学影像分割深度学习教程,no_answer,False,0.0,0.0,0.0,0.0,0.0,"[178, 154, 198, 195, 106, 185, 155, 99, 131, 169]"
bm25_mixed_tokens,q058,Python 数据结构课程作业,no_answer,False,0.0,0.0,0.0,0.0,0.0,"[161, 212, 167, 213, 139, 211, 141, 113, 18, 153]"
bm25_mixed_tokens,q059,考研英语阅读真题精讲,no_answer,False,0.0,0.0,0.0,0.0,0.0,"[211, 159, 36, 37, 42, 26, 23, 22, 103, 72]"
bm25_mixed_tokens,q060,有机化学实验报告模板,no_answer,False,0.0,0.0,0.0,0.0,0.0,"[117, 139, 141, 193, 181, 90, 198, 212, 192, 187]"
bge_m3_exact,q001,随机信号一页纸,exact,True,1.0,1.0,1.0,1.0,1.0,"[192, 163, 15, 45, 164, 141, 50, 92, 208, 170]"
bge_m3_exact,q002,考试前快速复习随机过程和随机信号的资料,semantic,True,1.0,1.0,1.0,0.7025429713312312,0.8041666666666667,"[15, 50, 192, 164, 163, 208, 141, 45, 139, 129]"
bge_m3_exact,q003,随机信号历年期末题答案,semantic,True,1.0,1.0,1.0,0.9327783893101107,0.7,"[208, 15, 163, 192, 50, 164, 127, 45, 128, 130]"
bge_m3_exact,q004,通信原理教材和课程讲义,semantic,True,1.0,1.0,1.0,0.8145672023038535,1.0,"[168, 48, 18, 45, 176, 171, 174, 163, 213, 85]"
bge_m3_exact,q005,CPS 通信原理往年期末解析,acronym,True,1.0,1.0,1.0,0.7579237460681981,1.0,"[18, 48, 209, 168, 46, 45, 67, 44, 163, 142]"
bge_m3_exact,q006,DCD 数字电路设计复习资料,acronym,True,1.0,1.0,1.0,0.9085634015818835,0.9166666666666666,"[47, 46, 176, 171, 24, 206, 25, 21, 158, 23]"
bge_m3_exact,q007,数字通信样卷和标准答案,semantic,True,1.0,1.0,1.0,1.0,1.0,"[113, 54, 176, 206, 46, 47, 132, 48, 129, 172]"
bge_m3_exact,q008,ADC 高阶数字通信期中样题答案,acronym,True,1.0,0.6666666666666666,1.0,0.878961873034099,0.6666666666666666,"[54, 172, 113, 46, 48, 44, 45, 163, 23, 67]"
bge_m3_exact,q009,信息论近六年期末考试答案,semantic,True,1.0,1.0,1.0,1.0,1.0,"[210, 53, 165, 166, 208, 209, 132, 167, 45, 207]"
bge_m3_exact,q010,信息论课后作业参考答案,semantic,True,1.0,1.0,1.0,0.8503449055347546,0.7,"[167, 210, 165, 166, 53, 161, 48, 213, 82, 45]"
bge_m3_exact,q011,大物二老师期末复习 PPT,exact,True,1.0,1.0,1.0,1.0,1.0,"[213, 41, 162, 139, 32, 31, 42, 126, 44, 40]"
bge_m3_exact,q012,大学物理下册历年期末卷答案解析,semantic,True,1.0,0.75,1.0,0.9368830196397312,0.75,"[144, 142, 143, 33, 40, 32, 31, 39, 209, 30]"
bge_m3_exact,q013,大学物理 II 例题讲解和重做,semantic,True,1.0,1.0,1.0,0.9935774939007994,0.95,"[187, 186, 188, 213, 185, 143, 144, 32, 39, 142]"
bge_m3_exact,q014,大物一历年期中考试答案,semantic,True,1.0,1.0,1.0,0.9831153721074649,0.875,"[30, 29, 28, 162, 212, 33, 126, 31, 38, 40]"
bge_m3_exact,q015,大学物理教材作业答案,semantic,True,1.0,1.0,1.0,0.8175295903539446,0.6428571428571428,"[38, 144, 161, 142, 143, 29, 212, 40, 39, 33]"
bge_m3_exact,q016,概率论 2021 期末真题,exact,True,1.0,1.0,1.0,1.0,1.0,"[37, 36, 161, 141, 40, 81, 144, 143, 42, 142]"
bge_m3_exact,q017,概率论教材课后习题答案,semantic,True,1.0,1.0,1.0,1.0,1.0,"[161, 36, 37, 141, 50, 192, 81, 144, 48, 82]"
bge_m3_exact,q018,概率论考前复习笔记,semantic,True,1.0,1.0,1.0,1.0,1.0,"[141, 161, 36, 37, 192, 45, 139, 164, 178, 15]"
bge_m3_exact,q019,线性代数期末复习讲座和往年卷,semantic,True,1.0,1.0,1.0,1.0,1.0,"[87, 88, 144, 32, 47, 31, 27, 45, 214, 159]"
bge_m3_exact,q020,线代课本与习题答案,semantic,True,1.0,1.0,1.0,1.0,1.0,"[27, 88, 87, 46, 129, 130, 45, 212, 144, 128]"
bge_m3_exact,q021,Calculus I 微积分一期末试卷和答案,bilingual,True,1.0,1.0,1.0,1.0,1.0,"[79, 80, 81, 82, 20, 214, 98, 45, 144, 100]"
bge_m3_exact,q022,微积分二期中真题自制解析,semantic,True,1.0,1.0,1.0,1.0,1.0,"[214, 80, 144, 196, 99, 82, 79, 76, 100, 207]"
bge_m3_exact,q023,Thomas Calculus 托马斯微积分教材答案,bilingual,True,1.0,1.0,1.0,1.0,1.0,"[20, 85, 161, 80, 212, 79, 29, 82, 100, 162]"
bge_m3_exact,q024,信号与系统期中考试解析,semantic,True,1.0,1.0,1.0,1.0,1.0,"[129, 130, 127, 128, 44, 45, 208, 15, 50, 48]"
bge_m3_exact,q025,信号与系统五年期末考讲解,semantic,True,1.0,1.0,1.0,1.0,1.0,"[127, 128, 44, 130, 129, 45, 208, 48, 46, 50]"
bge_m3_exact,q026,信号与系统开卷一页纸,exact,True,1.0,1.0,1.0,1.0,1.0,"[45, 192, 15, 163, 92, 48, 130, 129, 44, 50]"
bge_m3_exact,q027,CAD 电路分析与设计历年期末真题,acronym,True,1.0,1.0,1.0,1.0,1.0,"[23, 22, 25, 24, 26, 21, 67, 76, 208, 131]"
bge_m3_exact,q028,电路分析知识点复习和自查,semantic,True,1.0,0.3333333333333333,1.0,0.7262287617954056,0.3333333333333333,"[21, 130, 129, 158, 25, 24, 91, 23, 208, 128]"
bge_m3_exact,q029,功率半导体开卷考试一页纸,semantic,True,1.0,1.0,1.0,0.9327783893101107,0.7,"[92, 45, 192, 15, 160, 74, 73, 72, 163, 77]"
bge_m3_exact,q030,Power Electronics 功率器件历年真题,bilingual,True,1.0,1.0,1.0,1.0,1.0,"[74, 71, 72, 73, 160, 76, 144, 92, 158, 213]"
bge_m3_exact,q031,ED 电子器件历年期末试卷,acronym,True,1.0,1.0,1.0,0.9047172294870752,0.8041666666666667,"[76, 103, 78, 75, 77, 69, 67, 68, 70, 196]"
bge_m3_exact,q032,Electronic Devices 电子器件知识点笔记,bilingual,True,1.0,1.0,1.0,1.0,1.0,"[91, 158, 185, 77, 150, 78, 75, 69, 72, 76]"
bge_m3_exact,q033,MNNT 微纳工艺课程 PPT,acronym,True,1.0,1.0,1.0,1.0,1.0,"[101, 100, 99, 98, 97, 179, 102, 213, 158, 159]"
bge_m3_exact,q034,微纳工艺 2021 2022 期末试卷,semantic,True,1.0,1.0,1.0,1.0,1.0,"[97, 98, 99, 100, 69, 143, 142, 144, 76, 77]"
bge_m3_exact,q035,微纳工艺复习题和问答资料,semantic,True,1.0,1.0,1.0,1.0,1.0,"[99, 100, 97, 98, 101, 214, 76, 179, 160]"
bge_m3_exact,q036,ESD 电子系统设计历年期末卷,acronym,True,1.0,1.0,1.0,1.0,1.0,"[70, 69, 67, 68, 103, 78, 75, 77, 76, 196]"
bge_m3_exact,q037,Electronic System Design 样卷答案,bilingual,True,1.0,1.0,1.0,1.0,1.0,"[103, 67, 68, 69, 70, 23, 130, 78, 129, 45]"
bge_m3_exact,q038,AI ML 人工智能与机器学习期末复习,bilingual,True,1.0,1.0,1.0,1.0,1.0,"[159, 207, 87, 44, 99, 88, 213, 160, 52, 83]"
bge_m3_exact,q039,嵌入式处理器 PPT 和复习笔记,semantic,True,1.0,1.0,1.0,1.0,1.0,"[175, 179, 159, 158, 213, 99, 41, 100, 173, 160]"
bge_m3_exact,q040,数字信号处理课程笔记,exact,True,1.0,1.0,1.0,1.0,1.0,"[170, 173, 164, 176, 48, 18, 172, 45, 47, 171]"
bge_m3_exact,q041,电磁场与电磁波复习资料和网课教材,semantic,True,1.0,1.0,1.0,1.0,1.0,"[56, 169, 213, 150, 45, 50, 27, 90, 15, 158]"
bge_m3_exact,q042,移动通信自学笔记,semantic,True,1.0,1.0,1.0,1.0,1.0,"[174, 168, 171, 172, 164, 176, 170, 18, 48, 129]"
bge_m3_exact,q043,数字图像处理学习笔记,exact,True,1.0,1.0,1.0,1.0,1.0,"[173, 170, 176, 159, 179, 172, 46, 155, 171, 175]"
bge_m3_exact,q044,大学英语四六级历年听力真题解析,semantic,True,1.0,1.0,1.0,1.0,1.0,"[106, 209, 208, 196, 144, 210, 195, 162, 132, 29]"
bge_m3_exact,q045,EAGP 英文学术写作衔接技巧,bilingual,True,1.0,1.0,1.0,1.0,1.0,"[154, 149, 155, 150, 153, 195, 211, 46, 45, 158]"
bge_m3_exact,q046,EAGP 听力与课堂记笔记技巧,bilingual,True,1.0,1.0,1.0,0.944847956559586,0.75,"[150, 155, 154, 153, 149, 195, 106, 164, 45, 141]"
bge_m3_exact,q047,英文 Academic Poster 学术海报模板,bilingual,True,1.0,0.5,1.0,0.8262346571285599,0.5,"[197, 41, 77, 23, 90, 74, 213, 45, 103, 70]"
bge_m3_exact,q048,电子科大答辩 PPT 模板,semantic,True,1.0,1.0,1.0,1.0,1.0,"[117, 158, 103, 213, 197, 77, 102, 76, 191, 179]"
bge_m3_exact,q049,中国近现代史纲要思维导图重点,semantic,True,1.0,1.0,1.0,1.0,1.0,"[198, 90, 193, 183, 52, 181, 177, 178, 159, 213]"
bge_m3_exact,q050,毛概期末考前背诵重点,semantic,True,1.0,1.0,1.0,1.0,1.0,"[193, 90, 159, 52, 141, 198, 139, 213, 126, 131]"
bge_m3_exact,q051,马克思主义基本原理思维导图,semantic,True,1.0,1.0,1.0,1.0,1.0,"[52, 90, 198, 193, 181, 48, 183, 168, 161, 41]"
bge_m3_exact,q052,军事理论期末速成笔记,semantic,True,1.0,1.0,1.0,1.0,1.0,"[183, 182, 141, 52, 181, 180, 159, 83, 126, 87]"
bge_m3_exact,q053,研究生矩阵理论简明笔记,semantic,True,1.0,1.0,1.0,1.0,1.0,"[177, 178, 141, 158, 185, 159, 48, 166, 87, 45]"
bge_m3_exact,q054,研究生最优化理论复习笔记,semantic,True,1.0,1.0,1.0,1.0,1.0,"[178, 177, 141, 159, 166, 182, 183, 181, 180, 48]"
bge_m3_exact,q055,EfES 英语写作 Problem-Solution Essay 往年题,bilingual,True,1.0,1.0,1.0,1.0,1.0,"[196, 154, 82, 149, 155, 195, 80, 99, 81, 197]"
bge_m3_exact,q056,操作系统期末试卷与答案,no_answer,False,0.0,0.0,0.0,0.0,0.0,"[44, 130, 129, 103, 45, 127, 128, 196, 76, 46]"
bge_m3_exact,q057,医学影像分割深度学习教程,no_answer,False,0.0,0.0,0.0,0.0,0.0,"[173, 46, 92, 47, 100, 99, 170, 213, 178, 160]"
bge_m3_exact,q058,Python 数据结构课程作业,no_answer,False,0.0,0.0,0.0,0.0,0.0,"[82, 46, 81, 213, 48, 47, 44, 161, 99, 155]"
bge_m3_exact,q059,考研英语阅读真题精讲,no_answer,False,0.0,0.0,0.0,0.0,0.0,"[48, 195, 106, 155, 29, 193, 81, 39, 150, 31]"
bge_m3_exact,q060,有机化学实验报告模板,no_answer,False,0.0,0.0,0.0,0.0,0.0,"[100, 139, 45, 77, 213, 67, 163, 48, 76, 141]"
bge_m3_hnsw,q001,随机信号一页纸,exact,True,1.0,1.0,1.0,1.0,1.0,"[192, 163, 15, 45, 164, 141, 50, 92, 208, 170]"
bge_m3_hnsw,q002,考试前快速复习随机过程和随机信号的资料,semantic,True,1.0,1.0,1.0,0.7025429713312312,0.8041666666666667,"[15, 50, 192, 164, 163, 208, 141, 45, 139, 129]"
bge_m3_hnsw,q003,随机信号历年期末题答案,semantic,True,1.0,1.0,1.0,0.9327783893101107,0.7,"[208, 15, 163, 192, 50, 164, 127, 45, 128, 130]"
bge_m3_hnsw,q004,通信原理教材和课程讲义,semantic,True,1.0,1.0,1.0,0.8145672023038535,1.0,"[168, 48, 18, 45, 176, 171, 174, 163, 213, 85]"
bge_m3_hnsw,q005,CPS 通信原理往年期末解析,acronym,True,1.0,1.0,1.0,0.7579237460681981,1.0,"[18, 48, 209, 168, 46, 45, 67, 44, 163, 142]"
bge_m3_hnsw,q006,DCD 数字电路设计复习资料,acronym,True,1.0,1.0,1.0,0.9085634015818835,0.9166666666666666,"[47, 46, 176, 171, 24, 206, 25, 21, 158, 23]"
bge_m3_hnsw,q007,数字通信样卷和标准答案,semantic,True,1.0,1.0,1.0,1.0,1.0,"[113, 54, 176, 206, 46, 47, 132, 48, 129, 172]"
bge_m3_hnsw,q008,ADC 高阶数字通信期中样题答案,acronym,True,1.0,0.6666666666666666,1.0,0.878961873034099,0.6666666666666666,"[54, 172, 113, 46, 48, 44, 45, 163, 23, 67]"
bge_m3_hnsw,q009,信息论近六年期末考试答案,semantic,True,1.0,1.0,1.0,1.0,1.0,"[210, 53, 165, 166, 208, 209, 132, 167, 45, 207]"
bge_m3_hnsw,q010,信息论课后作业参考答案,semantic,True,1.0,1.0,1.0,0.8503449055347546,0.7,"[167, 210, 165, 166, 53, 161, 48, 213, 82, 45]"
bge_m3_hnsw,q011,大物二老师期末复习 PPT,exact,True,1.0,1.0,1.0,1.0,1.0,"[213, 41, 162, 139, 32, 31, 42, 126, 44, 40]"
bge_m3_hnsw,q012,大学物理下册历年期末卷答案解析,semantic,True,1.0,0.75,1.0,0.9368830196397312,0.75,"[144, 142, 143, 33, 40, 32, 31, 39, 209, 30]"
bge_m3_hnsw,q013,大学物理 II 例题讲解和重做,semantic,True,1.0,1.0,1.0,0.9935774939007994,0.95,"[187, 186, 188, 213, 185, 143, 144, 32, 39, 142]"
bge_m3_hnsw,q014,大物一历年期中考试答案,semantic,True,1.0,1.0,1.0,0.9831153721074649,0.875,"[30, 29, 28, 162, 212, 33, 126, 31, 38, 40]"
bge_m3_hnsw,q015,大学物理教材作业答案,semantic,True,1.0,1.0,1.0,0.8175295903539446,0.6428571428571428,"[38, 144, 161, 142, 143, 29, 212, 40, 39, 33]"
bge_m3_hnsw,q016,概率论 2021 期末真题,exact,True,1.0,1.0,1.0,1.0,1.0,"[37, 36, 161, 141, 40, 81, 144, 143, 42, 142]"
bge_m3_hnsw,q017,概率论教材课后习题答案,semantic,True,1.0,1.0,1.0,1.0,1.0,"[161, 36, 37, 141, 50, 192, 81, 144, 48, 82]"
bge_m3_hnsw,q018,概率论考前复习笔记,semantic,True,1.0,1.0,1.0,1.0,1.0,"[141, 161, 36, 37, 192, 45, 139, 164, 178, 15]"
bge_m3_hnsw,q019,线性代数期末复习讲座和往年卷,semantic,True,1.0,1.0,1.0,1.0,1.0,"[87, 88, 144, 32, 47, 31, 27, 45, 214, 159]"
bge_m3_hnsw,q020,线代课本与习题答案,semantic,True,1.0,1.0,1.0,1.0,1.0,"[27, 88, 87, 46, 129, 130, 45, 212, 144, 128]"
bge_m3_hnsw,q021,Calculus I 微积分一期末试卷和答案,bilingual,True,1.0,1.0,1.0,1.0,1.0,"[79, 80, 81, 82, 20, 214, 98, 45, 144, 100]"
bge_m3_hnsw,q022,微积分二期中真题自制解析,semantic,True,1.0,1.0,1.0,1.0,1.0,"[214, 80, 144, 196, 99, 82, 79, 76, 100, 207]"
bge_m3_hnsw,q023,Thomas Calculus 托马斯微积分教材答案,bilingual,True,1.0,1.0,1.0,1.0,1.0,"[20, 85, 161, 80, 212, 79, 29, 82, 100, 162]"
bge_m3_hnsw,q024,信号与系统期中考试解析,semantic,True,1.0,1.0,1.0,1.0,1.0,"[129, 130, 127, 128, 44, 45, 208, 15, 50, 48]"
bge_m3_hnsw,q025,信号与系统五年期末考讲解,semantic,True,1.0,1.0,1.0,1.0,1.0,"[127, 128, 44, 130, 129, 45, 208, 48, 46, 50]"
bge_m3_hnsw,q026,信号与系统开卷一页纸,exact,True,1.0,1.0,1.0,1.0,1.0,"[45, 192, 15, 163, 92, 48, 130, 129, 44, 50]"
bge_m3_hnsw,q027,CAD 电路分析与设计历年期末真题,acronym,True,1.0,1.0,1.0,1.0,1.0,"[23, 22, 25, 24, 26, 21, 67, 76, 208, 131]"
bge_m3_hnsw,q028,电路分析知识点复习和自查,semantic,True,1.0,0.3333333333333333,1.0,0.7262287617954056,0.3333333333333333,"[21, 130, 129, 158, 25, 24, 91, 23, 208, 128]"
bge_m3_hnsw,q029,功率半导体开卷考试一页纸,semantic,True,1.0,1.0,1.0,0.9327783893101107,0.7,"[92, 45, 192, 15, 160, 74, 73, 72, 163, 77]"
bge_m3_hnsw,q030,Power Electronics 功率器件历年真题,bilingual,True,1.0,1.0,1.0,1.0,1.0,"[74, 71, 72, 73, 160, 76, 144, 92, 158, 213]"
bge_m3_hnsw,q031,ED 电子器件历年期末试卷,acronym,True,1.0,1.0,1.0,0.9047172294870752,0.8041666666666667,"[76, 103, 78, 75, 77, 69, 67, 68, 70, 196]"
bge_m3_hnsw,q032,Electronic Devices 电子器件知识点笔记,bilingual,True,1.0,1.0,1.0,1.0,1.0,"[91, 158, 185, 77, 150, 78, 75, 69, 72, 76]"
bge_m3_hnsw,q033,MNNT 微纳工艺课程 PPT,acronym,True,1.0,1.0,1.0,1.0,1.0,"[101, 100, 99, 98, 97, 179, 102, 213, 158, 159]"
bge_m3_hnsw,q034,微纳工艺 2021 2022 期末试卷,semantic,True,1.0,1.0,1.0,1.0,1.0,"[97, 98, 99, 100, 69, 143, 142, 144, 76, 77]"
bge_m3_hnsw,q035,微纳工艺复习题和问答资料,semantic,True,1.0,1.0,1.0,1.0,1.0,"[99, 100, 97, 98, 101, 214, 76, 179, 160]"
bge_m3_hnsw,q036,ESD 电子系统设计历年期末卷,acronym,True,1.0,1.0,1.0,1.0,1.0,"[70, 69, 67, 68, 103, 78, 75, 77, 76, 196]"
bge_m3_hnsw,q037,Electronic System Design 样卷答案,bilingual,True,1.0,1.0,1.0,1.0,1.0,"[103, 67, 68, 69, 70, 23, 130, 78, 129, 45]"
bge_m3_hnsw,q038,AI ML 人工智能与机器学习期末复习,bilingual,True,1.0,1.0,1.0,1.0,1.0,"[159, 207, 87, 44, 99, 88, 213, 160, 52, 83]"
bge_m3_hnsw,q039,嵌入式处理器 PPT 和复习笔记,semantic,True,1.0,1.0,1.0,1.0,1.0,"[175, 179, 159, 158, 213, 99, 41, 100, 173, 160]"
bge_m3_hnsw,q040,数字信号处理课程笔记,exact,True,1.0,1.0,1.0,1.0,1.0,"[170, 173, 164, 176, 48, 18, 172, 45, 47, 171]"
bge_m3_hnsw,q041,电磁场与电磁波复习资料和网课教材,semantic,True,1.0,1.0,1.0,1.0,1.0,"[56, 169, 213, 150, 45, 50, 27, 90, 15, 158]"
bge_m3_hnsw,q042,移动通信自学笔记,semantic,True,1.0,1.0,1.0,1.0,1.0,"[174, 168, 171, 172, 164, 176, 170, 18, 48, 129]"
bge_m3_hnsw,q043,数字图像处理学习笔记,exact,True,1.0,1.0,1.0,1.0,1.0,"[173, 170, 176, 159, 179, 172, 46, 155, 171, 175]"
bge_m3_hnsw,q044,大学英语四六级历年听力真题解析,semantic,True,1.0,1.0,1.0,1.0,1.0,"[106, 209, 208, 196, 144, 210, 195, 162, 132, 29]"
bge_m3_hnsw,q045,EAGP 英文学术写作衔接技巧,bilingual,True,1.0,1.0,1.0,1.0,1.0,"[154, 149, 155, 150, 153, 195, 211, 46, 45, 158]"
bge_m3_hnsw,q046,EAGP 听力与课堂记笔记技巧,bilingual,True,1.0,1.0,1.0,0.944847956559586,0.75,"[150, 155, 154, 153, 149, 195, 106, 164, 45, 141]"
bge_m3_hnsw,q047,英文 Academic Poster 学术海报模板,bilingual,True,1.0,0.5,1.0,0.8262346571285599,0.5,"[197, 41, 77, 23, 90, 74, 213, 45, 103, 70]"
bge_m3_hnsw,q048,电子科大答辩 PPT 模板,semantic,True,1.0,1.0,1.0,1.0,1.0,"[117, 158, 103, 213, 197, 77, 102, 76, 191, 179]"
bge_m3_hnsw,q049,中国近现代史纲要思维导图重点,semantic,True,1.0,1.0,1.0,1.0,1.0,"[198, 90, 193, 183, 52, 181, 177, 178, 159, 213]"
bge_m3_hnsw,q050,毛概期末考前背诵重点,semantic,True,1.0,1.0,1.0,1.0,1.0,"[193, 90, 159, 52, 141, 198, 139, 213, 126, 131]"
bge_m3_hnsw,q051,马克思主义基本原理思维导图,semantic,True,1.0,1.0,1.0,1.0,1.0,"[52, 90, 198, 193, 181, 48, 183, 168, 161, 41]"
bge_m3_hnsw,q052,军事理论期末速成笔记,semantic,True,1.0,1.0,1.0,1.0,1.0,"[183, 182, 141, 52, 181, 180, 159, 83, 126, 87]"
bge_m3_hnsw,q053,研究生矩阵理论简明笔记,semantic,True,1.0,1.0,1.0,1.0,1.0,"[177, 178, 141, 158, 185, 159, 48, 166, 87, 45]"
bge_m3_hnsw,q054,研究生最优化理论复习笔记,semantic,True,1.0,1.0,1.0,1.0,1.0,"[178, 177, 141, 159, 166, 182, 183, 181, 180, 48]"
bge_m3_hnsw,q055,EfES 英语写作 Problem-Solution Essay 往年题,bilingual,True,1.0,1.0,1.0,1.0,1.0,"[196, 154, 82, 149, 155, 195, 80, 99, 81, 197]"
bge_m3_hnsw,q056,操作系统期末试卷与答案,no_answer,False,0.0,0.0,0.0,0.0,0.0,"[44, 130, 129, 103, 45, 127, 128, 196, 76, 46]"
bge_m3_hnsw,q057,医学影像分割深度学习教程,no_answer,False,0.0,0.0,0.0,0.0,0.0,"[173, 46, 92, 47, 100, 99, 170, 213, 178, 160]"
bge_m3_hnsw,q058,Python 数据结构课程作业,no_answer,False,0.0,0.0,0.0,0.0,0.0,"[82, 46, 81, 213, 48, 47, 44, 161, 99, 155]"
bge_m3_hnsw,q059,考研英语阅读真题精讲,no_answer,False,0.0,0.0,0.0,0.0,0.0,"[48, 195, 106, 155, 29, 193, 81, 39, 150, 31]"
bge_m3_hnsw,q060,有机化学实验报告模板,no_answer,False,0.0,0.0,0.0,0.0,0.0,"[100, 45, 77, 213, 67, 163, 48, 76, 141, 80]"
bge_m3_ivf,q001,随机信号一页纸,exact,True,1.0,1.0,1.0,1.0,1.0,"[163, 192, 15, 45, 141, 92, 24, 44, 68, 37]"
bge_m3_ivf,q002,考试前快速复习随机过程和随机信号的资料,semantic,True,1.0,1.0,1.0,0.7025429713312312,0.8041666666666667,"[15, 50, 192, 164, 163, 208, 141, 45, 139, 129]"
bge_m3_ivf,q003,随机信号历年期末题答案,semantic,True,1.0,1.0,1.0,0.9327783893101107,0.7,"[208, 15, 163, 192, 50, 164, 127, 45, 128, 130]"
bge_m3_ivf,q004,通信原理教材和课程讲义,semantic,True,1.0,1.0,1.0,0.8145672023038535,1.0,"[168, 48, 18, 45, 176, 171, 174, 163, 213, 85]"
bge_m3_ivf,q005,CPS 通信原理往年期末解析,acronym,True,1.0,1.0,1.0,0.7579237460681981,1.0,"[18, 48, 209, 168, 46, 45, 67, 44, 163, 142]"
bge_m3_ivf,q006,DCD 数字电路设计复习资料,acronym,True,1.0,1.0,1.0,0.9085634015818835,0.9166666666666666,"[47, 46, 176, 171, 24, 206, 25, 21, 158, 23]"
bge_m3_ivf,q007,数字通信样卷和标准答案,semantic,True,1.0,1.0,1.0,1.0,1.0,"[113, 54, 176, 206, 46, 47, 132, 48, 129, 172]"
bge_m3_ivf,q008,ADC 高阶数字通信期中样题答案,acronym,True,1.0,0.6666666666666666,1.0,0.878961873034099,0.6666666666666666,"[54, 172, 113, 46, 48, 44, 45, 163, 23, 67]"
bge_m3_ivf,q009,信息论近六年期末考试答案,semantic,True,1.0,1.0,1.0,1.0,1.0,"[210, 53, 165, 166, 208, 209, 132, 167, 45, 207]"
bge_m3_ivf,q010,信息论课后作业参考答案,semantic,True,1.0,1.0,1.0,0.8503449055347546,0.7,"[167, 210, 165, 166, 53, 161, 48, 213, 82, 45]"
bge_m3_ivf,q011,大物二老师期末复习 PPT,exact,True,1.0,1.0,1.0,1.0,1.0,"[213, 41, 162, 139, 32, 31, 42, 40, 39, 33]"
bge_m3_ivf,q012,大学物理下册历年期末卷答案解析,semantic,True,1.0,0.75,1.0,0.9368830196397312,0.75,"[144, 143, 142, 33, 40, 32, 31, 39, 30, 29]"
bge_m3_ivf,q013,大学物理 II 例题讲解和重做,semantic,True,1.0,0.75,1.0,0.9368830196397312,0.75,"[187, 188, 186, 213, 143, 144, 32, 39, 31, 29]"
bge_m3_ivf,q014,大物一历年期中考试答案,semantic,True,1.0,1.0,1.0,0.9890862835774268,0.9166666666666666,"[30, 29, 28, 162, 33, 31, 38, 40, 39, 32]"
bge_m3_ivf,q015,大学物理教材作业答案,semantic,True,1.0,0.5,1.0,0.6131471927654584,0.5,"[38, 144, 142, 29, 40, 39, 33, 30, 139, 213]"
bge_m3_ivf,q016,概率论 2021 期末真题,exact,True,1.0,1.0,1.0,1.0,1.0,"[36, 37, 161, 141, 40, 81, 144, 143, 142, 42]"
bge_m3_ivf,q017,概率论教材课后习题答案,semantic,True,1.0,1.0,1.0,1.0,1.0,"[161, 36, 37, 141, 192, 81, 144, 48, 82, 39]"
bge_m3_ivf,q018,概率论考前复习笔记,semantic,True,1.0,1.0,0.5,0.6309297535714574,0.5,"[161, 141, 36, 37, 192, 45, 139, 178, 15, 163]"
bge_m3_ivf,q019,线性代数期末复习讲座和往年卷,semantic,True,1.0,1.0,1.0,1.0,1.0,"[87, 88, 32, 47, 31, 27, 45, 214, 139, 208]"
bge_m3_ivf,q020,线代课本与习题答案,semantic,True,1.0,1.0,1.0,1.0,1.0,"[27, 88, 129, 130, 45, 212, 144, 128, 50, 142]"
bge_m3_ivf,q021,Calculus I 微积分一期末试卷和答案,bilingual,True,1.0,1.0,1.0,1.0,1.0,"[80, 79, 81, 82, 98, 45, 144, 100, 76, 37]"
bge_m3_ivf,q022,微积分二期中真题自制解析,semantic,True,0.0,0.0,0.0,0.0,0.0,"[80, 144, 99, 82, 79, 76, 100, 162, 81, 143]"
bge_m3_ivf,q023,Thomas Calculus 托马斯微积分教材答案,bilingual,True,0.0,0.0,0.0,0.0,0.0,"[161, 80, 79, 29, 82, 100, 48, 30, 45, 99]"
bge_m3_ivf,q024,信号与系统期中考试解析,semantic,True,1.0,1.0,1.0,1.0,1.0,"[129, 130, 127, 128, 44, 45, 208, 15, 50, 48]"
bge_m3_ivf,q025,信号与系统五年期末考讲解,semantic,True,1.0,1.0,1.0,1.0,1.0,"[127, 128, 44, 130, 129, 45, 208, 48, 46, 50]"
bge_m3_ivf,q026,信号与系统开卷一页纸,exact,True,1.0,1.0,1.0,1.0,1.0,"[45, 192, 15, 163, 92, 48, 130, 129, 44, 50]"
bge_m3_ivf,q027,CAD 电路分析与设计历年期末真题,acronym,True,1.0,1.0,1.0,1.0,1.0,"[23, 22, 25, 24, 26, 21, 67, 76, 208, 131]"
bge_m3_ivf,q028,电路分析知识点复习和自查,semantic,True,1.0,0.3333333333333333,1.0,0.7262287617954056,0.3333333333333333,"[21, 130, 129, 158, 25, 24, 91, 23, 208, 128]"
bge_m3_ivf,q029,功率半导体开卷考试一页纸,semantic,True,1.0,1.0,1.0,0.9327783893101107,0.7,"[92, 45, 192, 15, 160, 74, 73, 72, 163, 77]"
bge_m3_ivf,q030,Power Electronics 功率器件历年真题,bilingual,True,1.0,1.0,1.0,1.0,1.0,"[74, 71, 72, 73, 160, 76, 144, 92, 158, 213]"
bge_m3_ivf,q031,ED 电子器件历年期末试卷,acronym,True,1.0,1.0,1.0,0.9047172294870752,0.8041666666666667,"[76, 103, 78, 75, 77, 69, 67, 68, 70, 196]"
bge_m3_ivf,q032,Electronic Devices 电子器件知识点笔记,bilingual,True,1.0,1.0,1.0,1.0,1.0,"[91, 158, 185, 77, 150, 78, 75, 69, 72, 76]"
bge_m3_ivf,q033,MNNT 微纳工艺课程 PPT,acronym,True,1.0,1.0,1.0,1.0,1.0,"[101, 100, 99, 98, 97, 179, 102, 213, 158, 159]"
bge_m3_ivf,q034,微纳工艺 2021 2022 期末试卷,semantic,True,1.0,1.0,1.0,1.0,1.0,"[97, 98, 99, 100, 69, 143, 142, 144, 76, 77]"
bge_m3_ivf,q035,微纳工艺复习题和问答资料,semantic,True,1.0,1.0,1.0,1.0,1.0,"[99, 100, 97, 98, 101, 214, 76, 179, 160]"
bge_m3_ivf,q036,ESD 电子系统设计历年期末卷,acronym,True,1.0,1.0,1.0,1.0,1.0,"[70, 69, 67, 68, 103, 78, 75, 77, 76, 196]"
bge_m3_ivf,q037,Electronic System Design 样卷答案,bilingual,True,1.0,1.0,1.0,1.0,1.0,"[103, 67, 68, 69, 70, 23, 130, 78, 129, 45]"
bge_m3_ivf,q038,AI ML 人工智能与机器学习期末复习,bilingual,True,1.0,1.0,1.0,1.0,1.0,"[159, 207, 87, 44, 99, 88, 213, 160, 52, 83]"
bge_m3_ivf,q039,嵌入式处理器 PPT 和复习笔记,semantic,True,1.0,1.0,1.0,1.0,1.0,"[175, 179, 159, 158, 213, 99, 41, 100, 173, 160]"
bge_m3_ivf,q040,数字信号处理课程笔记,exact,True,1.0,1.0,1.0,1.0,1.0,"[170, 173, 164, 176, 48, 18, 172, 45, 47, 171]"
bge_m3_ivf,q041,电磁场与电磁波复习资料和网课教材,semantic,True,1.0,1.0,1.0,1.0,1.0,"[56, 169, 213, 150, 45, 50, 27, 90, 15, 158]"
bge_m3_ivf,q042,移动通信自学笔记,semantic,True,1.0,1.0,1.0,1.0,1.0,"[174, 168, 171, 172, 164, 176, 170, 18, 48, 129]"
bge_m3_ivf,q043,数字图像处理学习笔记,exact,True,1.0,1.0,1.0,1.0,1.0,"[173, 170, 176, 179, 172, 46, 155, 171, 175, 47]"
bge_m3_ivf,q044,大学英语四六级历年听力真题解析,semantic,True,1.0,1.0,1.0,1.0,1.0,"[106, 209, 208, 196, 144, 210, 195, 132, 142, 150]"
bge_m3_ivf,q045,EAGP 英文学术写作衔接技巧,bilingual,True,1.0,1.0,1.0,1.0,1.0,"[154, 149, 155, 150, 153, 195, 211, 46, 45, 83]"
bge_m3_ivf,q046,EAGP 听力与课堂记笔记技巧,bilingual,True,1.0,1.0,1.0,0.944847956559586,0.75,"[150, 155, 154, 153, 149, 195, 106, 164, 45, 141]"
bge_m3_ivf,q047,英文 Academic Poster 学术海报模板,bilingual,True,1.0,0.5,1.0,0.8262346571285599,0.5,"[197, 77, 23, 90, 74, 45, 103, 70, 192, 163]"
bge_m3_ivf,q048,电子科大答辩 PPT 模板,semantic,True,1.0,1.0,1.0,1.0,1.0,"[117, 158, 103, 213, 197, 77, 102, 76, 191, 179]"
bge_m3_ivf,q049,中国近现代史纲要思维导图重点,semantic,True,1.0,1.0,1.0,1.0,1.0,"[198, 90, 193, 183, 52, 181, 159, 213, 158, 48]"
bge_m3_ivf,q050,毛概期末考前背诵重点,semantic,True,1.0,1.0,1.0,1.0,1.0,"[193, 90, 159, 52, 141, 198, 139, 213, 126, 131]"
bge_m3_ivf,q051,马克思主义基本原理思维导图,semantic,True,1.0,1.0,1.0,1.0,1.0,"[52, 90, 193, 181, 48, 198, 183, 161, 41, 45]"
bge_m3_ivf,q052,军事理论期末速成笔记,semantic,True,1.0,1.0,1.0,1.0,1.0,"[183, 182, 141, 52, 181, 180, 159, 83, 131, 139]"
bge_m3_ivf,q053,研究生矩阵理论简明笔记,semantic,True,1.0,1.0,1.0,1.0,1.0,"[177, 178, 141, 158, 185, 159, 48, 166, 45, 186]"
bge_m3_ivf,q054,研究生最优化理论复习笔记,semantic,True,1.0,1.0,1.0,1.0,1.0,"[178, 177, 141, 159, 166, 182, 183, 181, 180, 48]"
bge_m3_ivf,q055,EfES 英语写作 Problem-Solution Essay 往年题,bilingual,True,1.0,1.0,1.0,1.0,1.0,"[196, 154, 82, 149, 155, 195, 80, 99, 81, 197]"
bge_m3_ivf,q056,操作系统期末试卷与答案,no_answer,False,0.0,0.0,0.0,0.0,0.0,"[44, 130, 129, 103, 45, 127, 128, 196, 76, 46]"
bge_m3_ivf,q057,医学影像分割深度学习教程,no_answer,False,0.0,0.0,0.0,0.0,0.0,"[46, 92, 47, 100, 99, 213, 178, 160, 159, 97]"
bge_m3_ivf,q058,Python 数据结构课程作业,no_answer,False,0.0,0.0,0.0,0.0,0.0,"[82, 46, 81, 213, 48, 47, 44, 161, 99, 155]"
bge_m3_ivf,q059,考研英语阅读真题精讲,no_answer,False,0.0,0.0,0.0,0.0,0.0,"[48, 155, 193, 81, 39, 187, 22, 23, 33, 161]"
bge_m3_ivf,q060,有机化学实验报告模板,no_answer,False,0.0,0.0,0.0,0.0,0.0,"[100, 139, 45, 77, 213, 67, 163, 48, 76, 141]"
qwen3_embedding_06b_exact,q001,随机信号一页纸,exact,True,1.0,1.0,1.0,1.0,1.0,"[163, 192, 15, 164, 45, 208, 50, 48, 92, 44]"
qwen3_embedding_06b_exact,q002,考试前快速复习随机过程和随机信号的资料,semantic,True,1.0,1.0,1.0,0.8282809531097817,1.0,"[164, 192, 163, 15, 208, 50, 48, 44, 45, 129]"
qwen3_embedding_06b_exact,q003,随机信号历年期末题答案,semantic,True,1.0,1.0,1.0,1.0,1.0,"[208, 50, 164, 163, 192, 15, 127, 128, 130, 129]"
qwen3_embedding_06b_exact,q004,通信原理教材和课程讲义,semantic,True,1.0,1.0,1.0,0.8145672023038535,1.0,"[168, 48, 18, 53, 44, 45, 176, 92, 50, 164]"
qwen3_embedding_06b_exact,q005,CPS 通信原理往年期末解析,acronym,True,1.0,1.0,1.0,1.0,1.0,"[209, 48, 18, 127, 132, 129, 128, 210, 130, 44]"
qwen3_embedding_06b_exact,q006,DCD 数字电路设计复习资料,acronym,True,1.0,1.0,1.0,0.9085634015818835,0.9166666666666666,"[47, 46, 176, 171, 113, 206, 21, 25, 22, 26]"
qwen3_embedding_06b_exact,q007,数字通信样卷和标准答案,semantic,True,1.0,1.0,1.0,1.0,1.0,"[113, 54, 206, 132, 172, 46, 176, 47, 210, 209]"
qwen3_embedding_06b_exact,q008,ADC 高阶数字通信期中样题答案,acronym,True,1.0,1.0,1.0,0.9832184408687481,0.9166666666666666,"[54, 172, 113, 55, 206, 46, 176, 23, 22, 26]"
qwen3_embedding_06b_exact,q009,信息论近六年期末考试答案,semantic,True,1.0,1.0,1.0,1.0,1.0,"[210, 53, 132, 167, 209, 208, 207, 166, 165, 127]"
qwen3_embedding_06b_exact,q010,信息论课后作业参考答案,semantic,True,1.0,1.0,1.0,1.0,1.0,"[167, 53, 210, 54, 166, 165, 161, 50, 207, 212]"
qwen3_embedding_06b_exact,q011,大物二老师期末复习 PPT,exact,True,1.0,1.0,1.0,1.0,1.0,"[41, 213, 32, 42, 40, 162, 39, 33, 31, 126]"
qwen3_embedding_06b_exact,q012,大学物理下册历年期末卷答案解析,semantic,True,1.0,0.75,1.0,0.9368830196397312,0.75,"[144, 142, 143, 33, 40, 39, 29, 42, 38, 28]"
qwen3_embedding_06b_exact,q013,大学物理 II 例题讲解和重做,semantic,True,1.0,1.0,1.0,0.9831153721074649,0.875,"[186, 187, 188, 139, 41, 144, 39, 185, 142, 143]"
qwen3_embedding_06b_exact,q014,大物一历年期中考试答案,semantic,True,1.0,1.0,1.0,1.0,1.0,"[30, 29, 28, 31, 39, 81, 33, 82, 40, 42]"
qwen3_embedding_06b_exact,q015,大学物理教材作业答案,semantic,True,1.0,1.0,1.0,1.0,1.0,"[38, 212, 144, 40, 142, 143, 33, 161, 29, 28]"
qwen3_embedding_06b_exact,q016,概率论 2021 期末真题,exact,True,1.0,1.0,1.0,1.0,1.0,"[36, 37, 161, 141, 40, 42, 69, 143, 98, 72]"
qwen3_embedding_06b_exact,q017,概率论教材课后习题答案,semantic,True,1.0,1.0,1.0,1.0,1.0,"[161, 36, 50, 37, 20, 141, 53, 160, 212, 27]"
qwen3_embedding_06b_exact,q018,概率论考前复习笔记,semantic,True,1.0,1.0,1.0,1.0,1.0,"[141, 161, 36, 37, 164, 166, 177, 165, 178, 168]"
qwen3_embedding_06b_exact,q019,线性代数期末复习讲座和往年卷,semantic,True,1.0,1.0,1.0,1.0,1.0,"[87, 88, 32, 27, 80, 47, 127, 44, 128, 207]"
qwen3_embedding_06b_exact,q020,线代课本与习题答案,semantic,True,1.0,1.0,1.0,1.0,1.0,"[27, 87, 88, 161, 50, 20, 212, 38, 160, 53]"
qwen3_embedding_06b_exact,q021,Calculus I 微积分一期末试卷和答案,bilingual,True,1.0,1.0,1.0,1.0,1.0,"[80, 79, 20, 214, 81, 88, 87, 82, 144, 37]"
qwen3_embedding_06b_exact,q022,微积分二期中真题自制解析,semantic,True,1.0,1.0,1.0,1.0,1.0,"[214, 79, 80, 144, 20, 129, 87, 37, 162, 213]"
qwen3_embedding_06b_exact,q023,Thomas Calculus 托马斯微积分教材答案,bilingual,True,1.0,1.0,1.0,1.0,1.0,"[20, 85, 80, 161, 27, 212, 79, 53, 38, 50]"
qwen3_embedding_06b_exact,q024,信号与系统期中考试解析,semantic,True,1.0,1.0,1.0,1.0,1.0,"[130, 129, 127, 128, 44, 45, 208, 214, 192, 15]"
qwen3_embedding_06b_exact,q025,信号与系统五年期末考讲解,semantic,True,1.0,1.0,1.0,1.0,1.0,"[127, 128, 44, 130, 129, 45, 208, 206, 210, 24]"
qwen3_embedding_06b_exact,q026,信号与系统开卷一页纸,exact,True,1.0,1.0,1.0,1.0,1.0,"[45, 192, 163, 15, 44, 92, 127, 128, 129, 130]"
qwen3_embedding_06b_exact,q027,CAD 电路分析与设计历年期末真题,acronym,True,1.0,1.0,1.0,1.0,1.0,"[23, 22, 26, 24, 25, 21, 46, 206, 131, 145]"
qwen3_embedding_06b_exact,q028,电路分析知识点复习和自查,semantic,True,1.0,0.6666666666666666,1.0,0.819876640193745,0.4666666666666666,"[21, 25, 23, 26, 145, 24, 22, 91, 47, 103]"
qwen3_embedding_06b_exact,q029,功率半导体开卷考试一页纸,semantic,True,1.0,1.0,1.0,1.0,1.0,"[92, 160, 72, 71, 73, 74, 45, 158, 192, 15]"
qwen3_embedding_06b_exact,q030,Power Electronics 功率器件历年真题,bilingual,True,1.0,1.0,1.0,1.0,1.0,"[74, 71, 72, 73, 160, 92, 91, 158, 76, 103]"
qwen3_embedding_06b_exact,q031,ED 电子器件历年期末试卷,acronym,True,1.0,1.0,1.0,0.9047172294870752,0.8041666666666667,"[76, 91, 75, 77, 78, 69, 103, 67, 68, 70]"
qwen3_embedding_06b_exact,q032,Electronic Devices 电子器件知识点笔记,bilingual,True,1.0,1.0,1.0,1.0,1.0,"[91, 158, 78, 69, 72, 76, 179, 71, 74, 75]"
qwen3_embedding_06b_exact,q033,MNNT 微纳工艺课程 PPT,acronym,True,1.0,1.0,1.0,1.0,1.0,"[101, 100, 99, 98, 97, 179, 213, 102, 159, 158]"
qwen3_embedding_06b_exact,q034,微纳工艺 2021 2022 期末试卷,semantic,True,1.0,1.0,1.0,1.0,1.0,"[97, 98, 99, 100, 101, 69, 77, 78, 75, 76]"
qwen3_embedding_06b_exact,q035,微纳工艺复习题和问答资料,semantic,True,1.0,1.0,1.0,1.0,1.0,"[99, 100, 98, 97, 101, 213, 72, 76, 179, 71]"
qwen3_embedding_06b_exact,q036,ESD 电子系统设计历年期末卷,acronym,True,1.0,1.0,1.0,1.0,1.0,"[69, 70, 67, 68, 103, 76, 75, 77, 78, 128]"
qwen3_embedding_06b_exact,q037,Electronic System Design 样卷答案,bilingual,True,1.0,1.0,0.25,0.4306765580733931,0.25,"[69, 70, 68, 103, 67, 23, 76, 75, 24, 77]"
qwen3_embedding_06b_exact,q038,AI ML 人工智能与机器学习期末复习,bilingual,True,1.0,1.0,1.0,1.0,1.0,"[159, 207, 87, 84, 83, 52, 213, 44, 162, 144]"
qwen3_embedding_06b_exact,q039,嵌入式处理器 PPT 和复习笔记,semantic,True,1.0,1.0,1.0,1.0,1.0,"[179, 175, 158, 100, 101, 159, 213, 99, 74, 73]"
qwen3_embedding_06b_exact,q040,数字信号处理课程笔记,exact,True,1.0,1.0,1.0,1.0,1.0,"[170, 173, 176, 164, 172, 47, 168, 102, 48, 141]"
qwen3_embedding_06b_exact,q041,电磁场与电磁波复习资料和网课教材,semantic,True,1.0,1.0,1.0,1.0,1.0,"[56, 169, 213, 41, 42, 143, 199, 187, 126, 40]"
qwen3_embedding_06b_exact,q042,移动通信自学笔记,semantic,True,1.0,1.0,1.0,1.0,1.0,"[174, 168, 164, 172, 171, 165, 170, 166, 176, 21]"
qwen3_embedding_06b_exact,q043,数字图像处理学习笔记,exact,True,1.0,1.0,1.0,1.0,1.0,"[173, 170, 172, 176, 47, 164, 102, 168, 155, 131]"
qwen3_embedding_06b_exact,q044,大学英语四六级历年听力真题解析,semantic,True,1.0,1.0,1.0,1.0,1.0,"[106, 209, 210, 132, 208, 144, 150, 195, 142, 206]"
qwen3_embedding_06b_exact,q045,EAGP 英文学术写作衔接技巧,bilingual,True,1.0,1.0,1.0,1.0,1.0,"[154, 153, 155, 150, 149, 197, 195, 196, 191, 163]"
qwen3_embedding_06b_exact,q046,EAGP 听力与课堂记笔记技巧,bilingual,True,1.0,1.0,1.0,0.9639404333166532,0.8333333333333333,"[150, 155, 153, 154, 149, 195, 131, 126, 168, 164]"
qwen3_embedding_06b_exact,q047,英文 Academic Poster 学术海报模板,bilingual,True,1.0,1.0,1.0,1.0,1.0,"[197, 117, 131, 74, 155, 191, 211, 55, 159, 45]"
qwen3_embedding_06b_exact,q048,电子科大答辩 PPT 模板,semantic,True,1.0,1.0,1.0,1.0,1.0,"[117, 158, 102, 103, 191, 197, 41, 199, 213, 179]"
qwen3_embedding_06b_exact,q049,中国近现代史纲要思维导图重点,semantic,True,1.0,1.0,1.0,1.0,1.0,"[198, 193, 90, 52, 180, 183, 182, 181, 177, 141]"
qwen3_embedding_06b_exact,q050,毛概期末考前背诵重点,semantic,True,1.0,1.0,1.0,1.0,1.0,"[193, 90, 52, 198, 99, 141, 155, 84, 160, 177]"
qwen3_embedding_06b_exact,q051,马克思主义基本原理思维导图,semantic,True,1.0,1.0,1.0,1.0,1.0,"[52, 90, 193, 198, 183, 177, 182, 181, 178, 141]"
qwen3_embedding_06b_exact,q052,军事理论期末速成笔记,semantic,True,1.0,1.0,1.0,1.0,1.0,"[182, 183, 177, 178, 141, 193, 90, 174, 126, 44]"
qwen3_embedding_06b_exact,q053,研究生矩阵理论简明笔记,semantic,True,1.0,1.0,1.0,1.0,1.0,"[177, 178, 166, 87, 141, 164, 183, 182, 88, 165]"
qwen3_embedding_06b_exact,q054,研究生最优化理论复习笔记,semantic,True,1.0,1.0,1.0,1.0,1.0,"[178, 177, 166, 141, 87, 164, 155, 99, 213, 44]"
qwen3_embedding_06b_exact,q055,EfES 英语写作 Problem-Solution Essay 往年题,bilingual,True,1.0,1.0,1.0,0.944847956559586,0.75,"[196, 195, 197, 154, 155, 149, 103, 150, 69, 67]"
qwen3_embedding_06b_exact,q056,操作系统期末试卷与答案,no_answer,False,0.0,0.0,0.0,0.0,0.0,"[128, 127, 44, 103, 68, 144, 69, 209, 132, 130]"
qwen3_embedding_06b_exact,q057,医学影像分割深度学习教程,no_answer,False,0.0,0.0,0.0,0.0,0.0,"[173, 159, 155, 84, 99, 140, 31, 100, 32, 47]"
qwen3_embedding_06b_exact,q058,Python 数据结构课程作业,no_answer,False,0.0,0.0,0.0,0.0,0.0,"[167, 161, 212, 84, 173, 144, 82, 155, 40, 170]"
qwen3_embedding_06b_exact,q059,考研英语阅读真题精讲,no_answer,False,0.0,0.0,0.0,0.0,0.0,"[106, 191, 36, 37, 26, 23, 195, 24, 155, 178]"
qwen3_embedding_06b_exact,q060,有机化学实验报告模板,no_answer,False,0.0,0.0,0.0,0.0,0.0,"[139, 211, 191, 197, 84, 178, 199, 117, 78, 196]"
bm25_bge_weighted_06_04,q001,随机信号一页纸,exact,True,1.0,1.0,1.0,1.0,1.0,"[192, 163, 15, 45, 164, 50, 208, 141, 92, 18]"
bm25_bge_weighted_06_04,q002,考试前快速复习随机过程和随机信号的资料,semantic,True,1.0,1.0,1.0,0.7542050587713599,0.8541666666666666,"[15, 192, 50, 164, 208, 163, 45, 141, 139, 129]"
bm25_bge_weighted_06_04,q003,随机信号历年期末题答案,semantic,True,1.0,1.0,1.0,1.0,1.0,"[208, 50, 164, 15, 192, 163, 127, 128, 130, 129]"
bm25_bge_weighted_06_04,q004,通信原理教材和课程讲义,semantic,True,1.0,1.0,1.0,1.0,1.0,"[18, 48, 168, 50, 212, 85, 56, 20, 53, 27]"
bm25_bge_weighted_06_04,q005,CPS 通信原理往年期末解析,acronym,True,1.0,1.0,1.0,1.0,1.0,"[209, 18, 48, 127, 132, 206, 207, 208, 128, 210]"
bm25_bge_weighted_06_04,q006,DCD 数字电路设计复习资料,acronym,True,1.0,1.0,1.0,0.8843042378770772,0.8611111111111112,"[47, 46, 176, 171, 24, 25, 21, 102, 206, 23]"
bm25_bge_weighted_06_04,q007,数字通信样卷和标准答案,semantic,True,1.0,1.0,1.0,1.0,1.0,"[113, 54, 172, 176, 46, 142, 143, 206, 39, 103]"
bm25_bge_weighted_06_04,q008,ADC 高阶数字通信期中样题答案,acronym,True,1.0,1.0,1.0,0.9651911745127936,0.8333333333333334,"[54, 172, 113, 46, 39, 55, 48, 50, 69, 44]"
bm25_bge_weighted_06_04,q009,信息论近六年期末考试答案,semantic,True,1.0,1.0,1.0,1.0,1.0,"[210, 53, 209, 208, 132, 165, 166, 167, 207, 206]"
bm25_bge_weighted_06_04,q010,信息论课后作业参考答案,semantic,True,1.0,1.0,1.0,0.8503449055347546,0.7,"[167, 210, 165, 166, 53, 50, 161, 213, 212, 48]"
bm25_bge_weighted_06_04,q011,大物二老师期末复习 PPT,exact,True,1.0,1.0,1.0,1.0,1.0,"[213, 41, 32, 162, 139, 31, 158, 159, 42, 126]"
bm25_bge_weighted_06_04,q012,大学物理下册历年期末卷答案解析,semantic,True,1.0,0.75,1.0,0.9368830196397312,0.75,"[144, 142, 143, 209, 39, 206, 207, 208, 210, 127]"
bm25_bge_weighted_06_04,q013,大学物理 II 例题讲解和重做,semantic,True,1.0,1.0,1.0,0.9890862835774268,0.9166666666666666,"[187, 186, 188, 31, 213, 185, 143, 142, 144, 139]"
bm25_bge_weighted_06_04,q014,大物一历年期中考试答案,semantic,True,1.0,1.0,1.0,0.8331277807946136,1.0,"[31, 30, 29, 28, 212, 39, 162, 33, 38, 40]"
bm25_bge_weighted_06_04,q015,大学物理教材作业答案,semantic,True,1.0,1.0,1.0,0.9197207891481876,0.8333333333333333,"[38, 161, 212, 144, 142, 143, 27, 50, 20, 39]"
bm25_bge_weighted_06_04,q016,概率论 2021 期末真题,exact,True,1.0,1.0,1.0,1.0,1.0,"[37, 36, 141, 42, 26, 40, 161, 69, 72, 33]"
bm25_bge_weighted_06_04,q017,概率论教材课后习题答案,semantic,True,1.0,1.0,1.0,1.0,1.0,"[161, 50, 36, 37, 141, 160, 27, 212, 38, 20]"
bm25_bge_weighted_06_04,q018,概率论考前复习笔记,semantic,True,1.0,1.0,1.0,1.0,1.0,"[141, 161, 37, 36, 214, 179, 159, 139, 99, 158]"
bm25_bge_weighted_06_04,q019,线性代数期末复习讲座和往年卷,semantic,True,1.0,1.0,1.0,1.0,1.0,"[87, 88, 31, 32, 47, 213, 214, 144, 27, 45]"
bm25_bge_weighted_06_04,q020,线代课本与习题答案,semantic,True,1.0,1.0,1.0,1.0,1.0,"[27, 160, 50, 44, 88, 129, 130, 87, 90, 46]"
bm25_bge_weighted_06_04,q021,Calculus I 微积分一期末试卷和答案,bilingual,True,1.0,1.0,1.0,1.0,1.0,"[80, 79, 20, 85, 214, 162, 81, 82, 73, 98]"
bm25_bge_weighted_06_04,q022,微积分二期中真题自制解析,semantic,True,1.0,1.0,1.0,1.0,1.0,"[214, 196, 129, 130, 144, 207, 209, 127, 128, 210]"
bm25_bge_weighted_06_04,q023,Thomas Calculus 托马斯微积分教材答案,bilingual,True,1.0,1.0,1.0,1.0,1.0,"[20, 85, 80, 161, 79, 212, 38, 27, 50, 53]"
bm25_bge_weighted_06_04,q024,信号与系统期中考试解析,semantic,True,1.0,1.0,1.0,1.0,1.0,"[129, 130, 127, 128, 44, 45, 208, 31, 214, 15]"
bm25_bge_weighted_06_04,q025,信号与系统五年期末考讲解,semantic,True,1.0,1.0,1.0,1.0,1.0,"[127, 128, 44, 130, 129, 45, 208, 206, 31, 48]"
bm25_bge_weighted_06_04,q026,信号与系统开卷一页纸,exact,True,1.0,1.0,1.0,1.0,1.0,"[45, 192, 15, 163, 92, 130, 129, 44, 127, 128]"
bm25_bge_weighted_06_04,q027,CAD 电路分析与设计历年期末真题,acronym,True,1.0,1.0,1.0,1.0,1.0,"[23, 22, 25, 24, 26, 21, 208, 145, 67, 46]"
bm25_bge_weighted_06_04,q028,电路分析知识点复习和自查,semantic,True,1.0,0.6666666666666666,1.0,0.8069208464393397,0.42857142857142855,"[21, 25, 24, 23, 22, 26, 145, 31, 91, 130]"
bm25_bge_weighted_06_04,q029,功率半导体开卷考试一页纸,semantic,True,1.0,1.0,1.0,0.944847956559586,0.75,"[92, 45, 192, 160, 15, 163, 74, 73, 72, 158]"
bm25_bge_weighted_06_04,q030,Power Electronics 功率器件历年真题,bilingual,True,1.0,1.0,1.0,1.0,1.0,"[74, 71, 72, 73, 160, 76, 196, 144, 92, 68]"
bm25_bge_weighted_06_04,q031,ED 电子器件历年期末试卷,acronym,True,1.0,1.0,0.5,0.7606395682357036,0.6791666666666667,"[91, 76, 78, 75, 77, 103, 69, 162, 67, 68]"
bm25_bge_weighted_06_04,q032,Electronic Devices 电子器件知识点笔记,bilingual,True,1.0,1.0,1.0,0.9197207891481876,0.8333333333333333,"[91, 185, 158, 77, 78, 75, 21, 76, 159, 150]"
bm25_bge_weighted_06_04,q033,MNNT 微纳工艺课程 PPT,acronym,True,1.0,1.0,1.0,1.0,1.0,"[101, 100, 99, 98, 97, 102, 179, 213, 158, 117]"
bm25_bge_weighted_06_04,q034,微纳工艺 2021 2022 期末试卷,semantic,True,1.0,1.0,1.0,1.0,1.0,"[97, 98, 99, 100, 101, 162, 143, 69, 142]"
bm25_bge_weighted_06_04,q035,微纳工艺复习题和问答资料,semantic,True,1.0,1.0,1.0,1.0,1.0,"[99, 100, 97, 98, 101, 213, 214, 160, 76, 44]"
bm25_bge_weighted_06_04,q036,ESD 电子系统设计历年期末卷,acronym,True,1.0,1.0,1.0,1.0,1.0,"[70, 69, 67, 68, 103, 78, 75, 77, 128, 76]"
bm25_bge_weighted_06_04,q037,Electronic System Design 样卷答案,bilingual,True,1.0,1.0,1.0,1.0,1.0,"[103, 67, 68, 70, 69, 39, 54, 113, 23, 130]"
bm25_bge_weighted_06_04,q038,AI ML 人工智能与机器学习期末复习,bilingual,True,1.0,1.0,1.0,1.0,1.0,"[159, 207, 160, 87, 99, 44, 213, 88, 41, 142]"
bm25_bge_weighted_06_04,q039,嵌入式处理器 PPT 和复习笔记,semantic,True,1.0,1.0,1.0,1.0,1.0,"[175, 179, 159, 158, 213, 41, 99, 173, 214, 170]"
bm25_bge_weighted_06_04,q040,数字信号处理课程笔记,exact,True,1.0,1.0,1.0,1.0,1.0,"[170, 173, 176, 164, 172, 18, 175, 48, 47, 113]"
bm25_bge_weighted_06_04,q041,电磁场与电磁波复习资料和网课教材,semantic,True,1.0,1.0,1.0,1.0,1.0,"[56, 169, 213, 150, 50, 45, 27, 100, 90, 15]"
bm25_bge_weighted_06_04,q042,移动通信自学笔记,semantic,True,1.0,1.0,1.0,1.0,1.0,"[174, 168, 171, 172, 164, 176, 170, 18, 141, 48]"
bm25_bge_weighted_06_04,q043,数字图像处理学习笔记,exact,True,1.0,1.0,1.0,1.0,1.0,"[173, 170, 176, 175, 172, 179, 18, 171, 159, 46]"
bm25_bge_weighted_06_04,q044,大学英语四六级历年听力真题解析,semantic,True,1.0,1.0,1.0,1.0,1.0,"[106, 209, 196, 208, 210, 144, 132, 206, 128, 127]"
bm25_bge_weighted_06_04,q045,EAGP 英文学术写作衔接技巧,bilingual,True,1.0,1.0,1.0,1.0,1.0,"[154, 149, 150, 153, 155, 53, 195, 211, 46, 45]"
bm25_bge_weighted_06_04,q046,EAGP 听力与课堂记笔记技巧,bilingual,True,1.0,1.0,1.0,0.9327783893101107,0.7,"[150, 106, 154, 155, 153, 149, 169, 195, 164, 45]"
bm25_bge_weighted_06_04,q047,英文 Academic Poster 学术海报模板,bilingual,True,1.0,1.0,1.0,1.0,1.0,"[197, 117, 53, 41, 77, 23, 90, 74, 213, 45]"
bm25_bge_weighted_06_04,q048,电子科大答辩 PPT 模板,semantic,True,1.0,1.0,1.0,1.0,1.0,"[117, 158, 102, 213, 179, 103, 44, 197, 101, 41]"
bm25_bge_weighted_06_04,q049,中国近现代史纲要思维导图重点,semantic,True,1.0,1.0,1.0,1.0,1.0,"[198, 52, 193, 183, 90, 180, 181, 182, 177, 178]"
bm25_bge_weighted_06_04,q050,毛概期末考前背诵重点,semantic,True,1.0,1.0,1.0,1.0,1.0,"[90, 193, 209, 206, 207, 208, 127, 128, 132, 210]"
bm25_bge_weighted_06_04,q051,马克思主义基本原理思维导图,semantic,True,1.0,1.0,1.0,1.0,1.0,"[52, 90, 198, 193, 181, 180, 182, 183, 48, 168]"
bm25_bge_weighted_06_04,q052,军事理论期末速成笔记,semantic,True,1.0,1.0,1.0,1.0,1.0,"[183, 182, 141, 139, 181, 180, 177, 178, 131, 52]"
bm25_bge_weighted_06_04,q053,研究生矩阵理论简明笔记,semantic,True,1.0,1.0,1.0,1.0,1.0,"[177, 178, 166, 141, 87, 182, 183, 158, 185, 159]"
bm25_bge_weighted_06_04,q054,研究生最优化理论复习笔记,semantic,True,1.0,1.0,1.0,1.0,1.0,"[178, 177, 166, 182, 183, 159, 179, 141, 181, 158]"
bm25_bge_weighted_06_04,q055,EfES 英语写作 Problem-Solution Essay 往年题,bilingual,True,1.0,1.0,1.0,1.0,1.0,"[196, 154, 149, 195, 197, 31, 150, 210, 155, 213]"
bm25_bge_weighted_06_04,q056,操作系统期末试卷与答案,no_answer,False,0.0,0.0,0.0,0.0,0.0,"[130, 129, 162, 127, 128, 44, 45, 103, 196, 80]"
bm25_bge_weighted_06_04,q057,医学影像分割深度学习教程,no_answer,False,0.0,0.0,0.0,0.0,0.0,"[178, 173, 170, 46, 92, 47, 100, 99, 213, 18]"
bm25_bge_weighted_06_04,q058,Python 数据结构课程作业,no_answer,False,0.0,0.0,0.0,0.0,0.0,"[161, 212, 167, 82, 46, 81, 213, 48, 139, 47]"
bm25_bge_weighted_06_04,q059,考研英语阅读真题精讲,no_answer,False,0.0,0.0,0.0,0.0,0.0,"[211, 159, 48, 106, 195, 155, 29, 193, 81, 39]"
bm25_bge_weighted_06_04,q060,有机化学实验报告模板,no_answer,False,0.0,0.0,0.0,0.0,0.0,"[139, 117, 100, 45, 77, 213, 67, 163, 141, 48]"
tfidf_bge_weighted_06_04,q001,随机信号一页纸,exact,True,1.0,1.0,1.0,1.0,1.0,"[163, 192, 15, 164, 50, 45, 208, 141, 92, 170]"
tfidf_bge_weighted_06_04,q002,考试前快速复习随机过程和随机信号的资料,semantic,True,1.0,1.0,1.0,0.7818965241846031,0.95,"[15, 192, 164, 50, 163, 208, 45, 139, 141, 18]"
tfidf_bge_weighted_06_04,q003,随机信号历年期末题答案,semantic,True,1.0,1.0,1.0,1.0,1.0,"[208, 50, 164, 192, 163, 15, 127, 128, 209, 130]"
tfidf_bge_weighted_06_04,q004,通信原理教材和课程讲义,semantic,True,1.0,1.0,1.0,0.9514426589871553,1.0,"[48, 168, 18, 212, 50, 45, 176, 161, 38, 27]"
tfidf_bge_weighted_06_04,q005,CPS 通信原理往年期末解析,acronym,True,1.0,1.0,1.0,0.7579237460681981,1.0,"[48, 18, 209, 168, 132, 127, 206, 208, 207, 210]"
tfidf_bge_weighted_06_04,q006,DCD 数字电路设计复习资料,acronym,True,1.0,1.0,1.0,0.8906506671719977,0.875,"[47, 46, 176, 171, 102, 100, 99, 206, 24, 25]"
tfidf_bge_weighted_06_04,q007,数字通信样卷和标准答案,semantic,True,1.0,1.0,1.0,1.0,1.0,"[113, 54, 172, 176, 143, 46, 142, 206, 47, 132]"
tfidf_bge_weighted_06_04,q008,ADC 高阶数字通信期中样题答案,acronym,True,1.0,1.0,1.0,0.9553284286534458,0.7916666666666666,"[54, 172, 113, 46, 50, 39, 48, 55, 44, 131]"
tfidf_bge_weighted_06_04,q009,信息论近六年期末考试答案,semantic,True,1.0,1.0,1.0,1.0,1.0,"[210, 209, 208, 53, 132, 165, 166, 207, 167, 206]"
tfidf_bge_weighted_06_04,q010,信息论课后作业参考答案,semantic,True,1.0,1.0,1.0,0.9197207891481876,0.8333333333333333,"[167, 210, 53, 165, 166, 161, 50, 213, 48, 209]"
tfidf_bge_weighted_06_04,q011,大物二老师期末复习 PPT,exact,True,1.0,1.0,1.0,1.0,1.0,"[213, 41, 32, 162, 139, 87, 31, 44, 158, 42]"
tfidf_bge_weighted_06_04,q012,大学物理下册历年期末卷答案解析,semantic,True,1.0,0.75,1.0,0.9368830196397312,0.75,"[144, 143, 142, 39, 40, 33, 30, 32, 209, 29]"
tfidf_bge_weighted_06_04,q013,大学物理 II 例题讲解和重做,semantic,True,1.0,1.0,1.0,1.0,1.0,"[187, 186, 188, 185, 213, 143, 39, 144, 142, 31]"
tfidf_bge_weighted_06_04,q014,大物一历年期中考试答案,semantic,True,1.0,1.0,1.0,0.8331277807946136,1.0,"[31, 30, 29, 28, 212, 162, 82, 39, 33, 81]"
tfidf_bge_weighted_06_04,q015,大学物理教材作业答案,semantic,True,1.0,1.0,1.0,0.8772153153380493,0.75,"[38, 161, 144, 212, 39, 40, 142, 30, 29, 143]"
tfidf_bge_weighted_06_04,q016,概率论 2021 期末真题,exact,True,1.0,1.0,1.0,1.0,1.0,"[37, 36, 42, 40, 26, 69, 141, 33, 161, 72]"
tfidf_bge_weighted_06_04,q017,概率论教材课后习题答案,semantic,True,1.0,1.0,1.0,1.0,1.0,"[161, 50, 37, 36, 141, 192, 38, 27, 212, 81]"
tfidf_bge_weighted_06_04,q018,概率论考前复习笔记,semantic,True,1.0,1.0,1.0,1.0,1.0,"[141, 161, 37, 36, 179, 159, 192, 99, 164, 185]"
tfidf_bge_weighted_06_04,q019,线性代数期末复习讲座和往年卷,semantic,True,1.0,1.0,1.0,1.0,1.0,"[87, 88, 32, 47, 31, 41, 144, 213, 27, 45]"
tfidf_bge_weighted_06_04,q020,线代课本与习题答案,semantic,True,1.0,1.0,1.0,1.0,1.0,"[27, 50, 160, 88, 48, 44, 87, 46, 129, 130]"
tfidf_bge_weighted_06_04,q021,Calculus I 微积分一期末试卷和答案,bilingual,True,1.0,1.0,1.0,1.0,1.0,"[79, 80, 20, 85, 162, 81, 82, 214, 98, 45]"
tfidf_bge_weighted_06_04,q022,微积分二期中真题自制解析,semantic,True,1.0,1.0,1.0,1.0,1.0,"[214, 196, 129, 130, 81, 144, 39, 30, 28, 29]"
tfidf_bge_weighted_06_04,q023,Thomas Calculus 托马斯微积分教材答案,bilingual,True,1.0,1.0,1.0,1.0,1.0,"[85, 20, 80, 79, 161, 212, 38, 29, 27, 53]"
tfidf_bge_weighted_06_04,q024,信号与系统期中考试解析,semantic,True,1.0,1.0,1.0,1.0,1.0,"[129, 130, 44, 127, 128, 45, 31, 208, 214, 15]"
tfidf_bge_weighted_06_04,q025,信号与系统五年期末考讲解,semantic,True,1.0,1.0,1.0,1.0,1.0,"[127, 128, 44, 129, 130, 45, 208, 206, 209, 207]"
tfidf_bge_weighted_06_04,q026,信号与系统开卷一页纸,exact,True,1.0,1.0,1.0,1.0,1.0,"[45, 192, 44, 15, 163, 129, 130, 92, 127, 128]"
tfidf_bge_weighted_06_04,q027,CAD 电路分析与设计历年期末真题,acronym,True,1.0,1.0,1.0,1.0,1.0,"[23, 26, 22, 25, 24, 21, 131, 140, 145, 67]"
tfidf_bge_weighted_06_04,q028,电路分析知识点复习和自查,semantic,True,1.0,0.6666666666666666,1.0,0.8025953174147523,0.4166666666666667,"[21, 25, 26, 24, 23, 31, 22, 145, 91, 185]"
tfidf_bge_weighted_06_04,q029,功率半导体开卷考试一页纸,semantic,True,1.0,1.0,1.0,1.0,1.0,"[92, 160, 45, 192, 15, 163, 74, 73, 72, 77]"
tfidf_bge_weighted_06_04,q030,Power Electronics 功率器件历年真题,bilingual,True,1.0,1.0,1.0,1.0,1.0,"[74, 71, 73, 72, 160, 76, 144, 92, 77, 78]"
tfidf_bge_weighted_06_04,q031,ED 电子器件历年期末试卷,acronym,True,1.0,1.0,0.3333333333333333,0.6153925060653322,0.4511904761904762,"[91, 162, 76, 103, 78, 75, 77, 69, 67, 68]"
tfidf_bge_weighted_06_04,q032,Electronic Devices 电子器件知识点笔记,bilingual,True,1.0,1.0,1.0,1.0,1.0,"[91, 158, 77, 78, 75, 76, 185, 159, 150, 72]"
tfidf_bge_weighted_06_04,q033,MNNT 微纳工艺课程 PPT,acronym,True,1.0,1.0,1.0,1.0,1.0,"[101, 100, 99, 98, 102, 97, 179, 117, 158, 159]"
tfidf_bge_weighted_06_04,q034,微纳工艺 2021 2022 期末试卷,semantic,True,1.0,1.0,1.0,1.0,1.0,"[97, 98, 162, 99, 42, 100, 40, 69, 26, 36]"
tfidf_bge_weighted_06_04,q035,微纳工艺复习题和问答资料,semantic,True,1.0,1.0,1.0,1.0,1.0,"[99, 100, 97, 98, 101, 214, 76, 213, 44, 160]"
tfidf_bge_weighted_06_04,q036,ESD 电子系统设计历年期末卷,acronym,True,1.0,1.0,1.0,1.0,1.0,"[70, 69, 68, 67, 103, 128, 127, 78, 77, 75]"
tfidf_bge_weighted_06_04,q037,Electronic System Design 样卷答案,bilingual,True,1.0,1.0,0.2,0.38685280723454163,0.2,"[68, 67, 70, 69, 103, 48, 158, 23, 130, 75]"
tfidf_bge_weighted_06_04,q038,AI ML 人工智能与机器学习期末复习,bilingual,True,1.0,1.0,1.0,0.8315546295836226,0.6666666666666666,"[159, 87, 41, 213, 32, 207, 99, 44, 142, 88]"
tfidf_bge_weighted_06_04,q039,嵌入式处理器 PPT 和复习笔记,semantic,True,1.0,1.0,1.0,1.0,1.0,"[175, 179, 159, 158, 213, 41, 102, 101, 173, 99]"
tfidf_bge_weighted_06_04,q040,数字信号处理课程笔记,exact,True,1.0,1.0,1.0,1.0,1.0,"[170, 173, 164, 176, 172, 48, 18, 45, 47, 50]"
tfidf_bge_weighted_06_04,q041,电磁场与电磁波复习资料和网课教材,semantic,True,1.0,1.0,1.0,1.0,1.0,"[56, 169, 213, 150, 100, 45, 99, 50, 27, 90]"
tfidf_bge_weighted_06_04,q042,移动通信自学笔记,semantic,True,1.0,1.0,1.0,1.0,1.0,"[174, 168, 171, 172, 164, 176, 170, 18, 48, 141]"
tfidf_bge_weighted_06_04,q043,数字图像处理学习笔记,exact,True,1.0,1.0,1.0,1.0,1.0,"[173, 170, 176, 172, 175, 179, 159, 171, 46, 131]"
tfidf_bge_weighted_06_04,q044,大学英语四六级历年听力真题解析,semantic,True,1.0,1.0,1.0,1.0,1.0,"[106, 209, 208, 196, 210, 144, 195, 162, 132, 206]"
tfidf_bge_weighted_06_04,q045,EAGP 英文学术写作衔接技巧,bilingual,True,1.0,1.0,1.0,1.0,1.0,"[154, 149, 150, 155, 153, 53, 195, 211, 46, 45]"
tfidf_bge_weighted_06_04,q046,EAGP 听力与课堂记笔记技巧,bilingual,True,1.0,1.0,1.0,0.9327783893101107,0.7,"[150, 155, 154, 149, 153, 106, 195, 164, 45, 141]"
tfidf_bge_weighted_06_04,q047,英文 Academic Poster 学术海报模板,bilingual,True,1.0,0.5,1.0,0.8262346571285599,0.5,"[197, 41, 77, 23, 90, 74, 213, 45, 103, 70]"
tfidf_bge_weighted_06_04,q048,电子科大答辩 PPT 模板,semantic,True,1.0,1.0,1.0,1.0,1.0,"[117, 102, 158, 179, 44, 213, 41, 101, 103, 197]"
tfidf_bge_weighted_06_04,q049,中国近现代史纲要思维导图重点,semantic,True,1.0,1.0,1.0,1.0,1.0,"[198, 52, 90, 193, 183, 180, 181, 182, 177, 178]"
tfidf_bge_weighted_06_04,q050,毛概期末考前背诵重点,semantic,True,1.0,1.0,1.0,1.0,1.0,"[193, 90, 209, 206, 127, 128, 208, 207, 132, 210]"
tfidf_bge_weighted_06_04,q051,马克思主义基本原理思维导图,semantic,True,1.0,1.0,1.0,1.0,1.0,"[52, 90, 198, 193, 181, 48, 180, 182, 183, 168]"
tfidf_bge_weighted_06_04,q052,军事理论期末速成笔记,semantic,True,1.0,1.0,1.0,1.0,1.0,"[183, 182, 139, 141, 52, 131, 83, 181, 180, 126]"
tfidf_bge_weighted_06_04,q053,研究生矩阵理论简明笔记,semantic,True,1.0,1.0,1.0,1.0,1.0,"[177, 178, 166, 141, 158, 185, 159, 48, 87, 164]"
tfidf_bge_weighted_06_04,q054,研究生最优化理论复习笔记,semantic,True,1.0,1.0,1.0,1.0,1.0,"[178, 177, 166, 159, 141, 179, 182, 183, 181, 180]"
tfidf_bge_weighted_06_04,q055,EfES 英语写作 Problem-Solution Essay 往年题,bilingual,True,1.0,1.0,1.0,1.0,1.0,"[196, 154, 149, 197, 82, 195, 161, 155, 46, 80]"
tfidf_bge_weighted_06_04,q056,操作系统期末试卷与答案,no_answer,False,0.0,0.0,0.0,0.0,0.0,"[130, 129, 162, 127, 44, 128, 103, 45, 196, 76]"
tfidf_bge_weighted_06_04,q057,医学影像分割深度学习教程,no_answer,False,0.0,0.0,0.0,0.0,0.0,"[178, 173, 170, 185, 198, 99, 131, 164, 46, 169]"
tfidf_bge_weighted_06_04,q058,Python 数据结构课程作业,no_answer,False,0.0,0.0,0.0,0.0,0.0,"[161, 82, 46, 85, 212, 36, 81, 213, 48, 30]"
tfidf_bge_weighted_06_04,q059,考研英语阅读真题精讲,no_answer,False,0.0,0.0,0.0,0.0,0.0,"[211, 159, 48, 195, 106, 155, 29, 193, 103, 26]"
tfidf_bge_weighted_06_04,q060,有机化学实验报告模板,no_answer,False,0.0,0.0,0.0,0.0,0.0,"[139, 117, 100, 45, 77, 213, 67, 163, 141, 48]"
bm25_bge_rrf,q001,随机信号一页纸,exact,True,1.0,1.0,1.0,1.0,1.0,"[192, 163, 15, 45, 164, 50, 208, 141, 92, 18]"
bm25_bge_rrf,q002,考试前快速复习随机过程和随机信号的资料,semantic,True,1.0,1.0,1.0,0.7542050587713599,0.8541666666666666,"[15, 192, 50, 164, 208, 163, 45, 141, 139, 129]"
bm25_bge_rrf,q003,随机信号历年期末题答案,semantic,True,1.0,1.0,1.0,1.0,1.0,"[208, 50, 192, 164, 15, 163, 127, 128, 130, 129]"
bm25_bge_rrf,q004,通信原理教材和课程讲义,semantic,True,1.0,1.0,1.0,1.0,1.0,"[48, 18, 168, 50, 212, 56, 85, 20, 45, 176]"
bm25_bge_rrf,q005,CPS 通信原理往年期末解析,acronym,True,1.0,1.0,1.0,0.7579237460681981,1.0,"[18, 48, 209, 127, 168, 132, 206, 207, 208, 128]"
bm25_bge_rrf,q006,DCD 数字电路设计复习资料,acronym,True,1.0,1.0,1.0,0.8906506671719977,0.875,"[47, 46, 176, 171, 24, 23, 25, 206, 21, 22]"
bm25_bge_rrf,q007,数字通信样卷和标准答案,semantic,True,1.0,1.0,1.0,1.0,1.0,"[113, 54, 172, 46, 176, 129, 103, 47, 127, 130]"
bm25_bge_rrf,q008,ADC 高阶数字通信期中样题答案,acronym,True,1.0,1.0,1.0,0.9832184408687481,0.9166666666666666,"[54, 172, 113, 55, 46, 39, 48, 50, 69, 129]"
bm25_bge_rrf,q009,信息论近六年期末考试答案,semantic,True,1.0,1.0,1.0,1.0,1.0,"[210, 53, 209, 208, 166, 165, 132, 167, 207, 82]"
bm25_bge_rrf,q010,信息论课后作业参考答案,semantic,True,1.0,1.0,1.0,0.9197207891481876,0.8333333333333333,"[167, 210, 53, 165, 166, 161, 213, 50, 212, 141]"
bm25_bge_rrf,q011,大物二老师期末复习 PPT,exact,True,1.0,1.0,1.0,1.0,1.0,"[213, 41, 32, 31, 158, 179, 159, 44, 162, 139]"
bm25_bge_rrf,q012,大学物理下册历年期末卷答案解析,semantic,True,1.0,0.75,1.0,0.9368830196397312,0.75,"[144, 142, 143, 209, 40, 39, 30, 29, 214, 210]"
bm25_bge_rrf,q013,大学物理 II 例题讲解和重做,semantic,True,1.0,1.0,1.0,0.9935774939007994,0.95,"[186, 187, 188, 213, 185, 142, 143, 144, 39, 139]"
bm25_bge_rrf,q014,大物一历年期中考试答案,semantic,True,1.0,1.0,1.0,1.0,1.0,"[30, 29, 28, 31, 39, 212, 38, 162, 40, 213]"
bm25_bge_rrf,q015,大学物理教材作业答案,semantic,True,1.0,1.0,1.0,0.9197207891481876,0.8333333333333333,"[38, 161, 212, 144, 142, 143, 39, 40, 29, 30]"
bm25_bge_rrf,q016,概率论 2021 期末真题,exact,True,1.0,1.0,1.0,1.0,1.0,"[36, 37, 141, 42, 161, 40, 33, 26, 69, 72]"
bm25_bge_rrf,q017,概率论教材课后习题答案,semantic,True,1.0,1.0,1.0,1.0,1.0,"[161, 50, 141, 37, 36, 160, 27, 212, 38, 20]"
bm25_bge_rrf,q018,概率论考前复习笔记,semantic,True,1.0,1.0,1.0,1.0,1.0,"[141, 161, 36, 37, 139, 214, 179, 159, 99, 158]"
bm25_bge_rrf,q019,线性代数期末复习讲座和往年卷,semantic,True,1.0,1.0,1.0,1.0,1.0,"[87, 88, 32, 31, 47, 213, 214, 129, 130, 144]"
bm25_bge_rrf,q020,线代课本与习题答案,semantic,True,1.0,1.0,1.0,1.0,1.0,"[27, 160, 129, 130, 50, 128, 127, 212, 207, 208]"
bm25_bge_rrf,q021,Calculus I 微积分一期末试卷和答案,bilingual,True,1.0,1.0,1.0,1.0,1.0,"[79, 80, 20, 214, 162, 85, 81, 82, 98, 45]"
bm25_bge_rrf,q022,微积分二期中真题自制解析,semantic,True,1.0,1.0,1.0,1.0,1.0,"[214, 196, 144, 207, 129, 80, 130, 209, 210, 208]"
bm25_bge_rrf,q023,Thomas Calculus 托马斯微积分教材答案,bilingual,True,1.0,1.0,1.0,1.0,1.0,"[20, 85, 80, 161, 79, 212, 38, 214, 27, 50]"
bm25_bge_rrf,q024,信号与系统期中考试解析,semantic,True,1.0,1.0,1.0,1.0,1.0,"[129, 130, 127, 128, 44, 45, 208, 214, 15, 31]"
bm25_bge_rrf,q025,信号与系统五年期末考讲解,semantic,True,1.0,1.0,1.0,1.0,1.0,"[127, 128, 44, 130, 129, 45, 208, 206, 15, 210]"
bm25_bge_rrf,q026,信号与系统开卷一页纸,exact,True,1.0,1.0,1.0,1.0,1.0,"[45, 192, 15, 163, 92, 44, 130, 129, 50, 127]"
bm25_bge_rrf,q027,CAD 电路分析与设计历年期末真题,acronym,True,1.0,1.0,1.0,1.0,1.0,"[23, 22, 26, 25, 24, 21, 208, 46, 67, 76]"
bm25_bge_rrf,q028,电路分析知识点复习和自查,semantic,True,1.0,0.6666666666666666,1.0,0.8069208464393397,0.42857142857142855,"[21, 25, 24, 23, 22, 26, 145, 91, 47, 15]"
bm25_bge_rrf,q029,功率半导体开卷考试一页纸,semantic,True,1.0,1.0,1.0,0.9639404333166532,0.8333333333333333,"[92, 45, 160, 192, 15, 163, 74, 73, 72, 77]"
bm25_bge_rrf,q030,Power Electronics 功率器件历年真题,bilingual,True,1.0,1.0,1.0,1.0,1.0,"[73, 74, 71, 72, 160, 196, 92, 76, 144, 68]"
bm25_bge_rrf,q031,ED 电子器件历年期末试卷,acronym,True,1.0,1.0,1.0,1.0,1.0,"[76, 78, 75, 77, 91, 74, 71, 72, 103, 162]"
bm25_bge_rrf,q032,Electronic Devices 电子器件知识点笔记,bilingual,True,1.0,1.0,1.0,0.8772153153380493,0.75,"[91, 185, 77, 158, 78, 75, 21, 76, 150, 159]"
bm25_bge_rrf,q033,MNNT 微纳工艺课程 PPT,acronym,True,1.0,1.0,1.0,1.0,1.0,"[101, 100, 98, 99, 97, 102, 179, 158, 159, 213]"
bm25_bge_rrf,q034,微纳工艺 2021 2022 期末试卷,semantic,True,1.0,1.0,1.0,1.0,1.0,"[97, 98, 99, 100, 101, 143, 69, 162, 142, 144]"
bm25_bge_rrf,q035,微纳工艺复习题和问答资料,semantic,True,1.0,1.0,1.0,1.0,1.0,"[100, 99, 97, 98, 101, 214, 76, 213, 160, 44]"
bm25_bge_rrf,q036,ESD 电子系统设计历年期末卷,acronym,True,1.0,1.0,1.0,1.0,1.0,"[70, 69, 67, 68, 103, 128, 127, 21, 25, 24]"
bm25_bge_rrf,q037,Electronic System Design 样卷答案,bilingual,True,1.0,1.0,0.25,0.4306765580733931,0.25,"[67, 68, 70, 103, 69, 54, 39, 113, 23, 130]"
bm25_bge_rrf,q038,AI ML 人工智能与机器学习期末复习,bilingual,True,1.0,1.0,1.0,0.8175295903539446,0.6428571428571428,"[159, 87, 160, 99, 213, 41, 207, 44, 88, 142]"
bm25_bge_rrf,q039,嵌入式处理器 PPT 和复习笔记,semantic,True,1.0,1.0,1.0,1.0,1.0,"[175, 179, 159, 158, 213, 41, 99, 214, 173, 170]"
bm25_bge_rrf,q040,数字信号处理课程笔记,exact,True,1.0,1.0,1.0,1.0,1.0,"[170, 173, 176, 164, 172, 18, 171, 47, 175, 131]"
bm25_bge_rrf,q041,电磁场与电磁波复习资料和网课教材,semantic,True,1.0,1.0,1.0,1.0,1.0,"[56, 169, 213, 27, 50, 100, 99, 161, 150, 45]"
bm25_bge_rrf,q042,移动通信自学笔记,semantic,True,1.0,1.0,1.0,1.0,1.0,"[174, 176, 171, 168, 164, 172, 141, 18, 131, 185]"
bm25_bge_rrf,q043,数字图像处理学习笔记,exact,True,1.0,1.0,1.0,1.0,1.0,"[173, 170, 176, 172, 175, 18, 171, 179, 131, 159]"
bm25_bge_rrf,q044,大学英语四六级历年听力真题解析,semantic,True,1.0,1.0,1.0,1.0,1.0,"[106, 196, 209, 208, 144, 210, 206, 132, 128, 127]"
bm25_bge_rrf,q045,EAGP 英文学术写作衔接技巧,bilingual,True,1.0,1.0,0.5,0.6309297535714574,0.5,"[149, 154, 153, 150, 155, 188, 53, 195, 198, 211]"
bm25_bge_rrf,q046,EAGP 听力与课堂记笔记技巧,bilingual,True,1.0,1.0,0.5,0.639909328045346,0.5,"[154, 150, 155, 153, 106, 149, 169, 141, 164, 172]"
bm25_bge_rrf,q047,英文 Academic Poster 学术海报模板,bilingual,True,1.0,1.0,1.0,0.9639404333166532,0.8333333333333333,"[197, 53, 117, 41, 77, 198, 23, 90, 74, 212]"
bm25_bge_rrf,q048,电子科大答辩 PPT 模板,semantic,True,1.0,1.0,1.0,1.0,1.0,"[117, 102, 158, 179, 213, 44, 101, 103, 41, 197]"
bm25_bge_rrf,q049,中国近现代史纲要思维导图重点,semantic,True,1.0,1.0,1.0,1.0,1.0,"[198, 193, 52, 183, 90, 181, 180, 182, 177, 160]"
bm25_bge_rrf,q050,毛概期末考前背诵重点,semantic,True,1.0,1.0,1.0,1.0,1.0,"[193, 90, 198, 160, 209, 206, 207, 208, 127, 128]"
bm25_bge_rrf,q051,马克思主义基本原理思维导图,semantic,True,1.0,1.0,1.0,1.0,1.0,"[52, 90, 198, 193, 181, 168, 183, 18, 180, 48]"
bm25_bge_rrf,q052,军事理论期末速成笔记,semantic,True,1.0,1.0,1.0,1.0,1.0,"[183, 182, 141, 181, 180, 131, 139, 159, 126, 99]"
bm25_bge_rrf,q053,研究生矩阵理论简明笔记,semantic,True,1.0,1.0,1.0,1.0,1.0,"[177, 178, 166, 141, 87, 198, 164, 171, 169, 168]"
bm25_bge_rrf,q054,研究生最优化理论复习笔记,semantic,True,1.0,1.0,1.0,1.0,1.0,"[178, 177, 166, 182, 183, 159, 179, 181, 158, 99]"
bm25_bge_rrf,q055,EfES 英语写作 Problem-Solution Essay 往年题,bilingual,True,1.0,1.0,1.0,1.0,1.0,"[196, 154, 149, 195, 197, 150, 155, 209, 161, 30]"
bm25_bge_rrf,q056,操作系统期末试卷与答案,no_answer,False,0.0,0.0,0.0,0.0,0.0,"[130, 129, 128, 127, 44, 45, 103, 196, 210, 207]"
bm25_bge_rrf,q057,医学影像分割深度学习教程,no_answer,False,0.0,0.0,0.0,0.0,0.0,"[170, 173, 18, 160, 178, 154, 46, 198, 92, 195]"
bm25_bge_rrf,q058,Python 数据结构课程作业,no_answer,False,0.0,0.0,0.0,0.0,0.0,"[161, 82, 212, 167, 46, 81, 213, 48, 139, 211]"
bm25_bge_rrf,q059,考研英语阅读真题精讲,no_answer,False,0.0,0.0,0.0,0.0,0.0,"[211, 106, 48, 159, 195, 36, 155, 37, 29, 42]"
bm25_bge_rrf,q060,有机化学实验报告模板,no_answer,False,0.0,0.0,0.0,0.0,0.0,"[139, 141, 192, 100, 117, 45, 193, 77, 181, 213]"
tfidf_bge_rrf,q001,随机信号一页纸,exact,True,1.0,1.0,1.0,1.0,1.0,"[163, 192, 15, 164, 45, 50, 208, 92, 141, 170]"
tfidf_bge_rrf,q002,考试前快速复习随机过程和随机信号的资料,semantic,True,1.0,1.0,1.0,0.7661092141461463,0.9166666666666666,"[15, 192, 164, 50, 208, 163, 45, 139, 141, 44]"
tfidf_bge_rrf,q003,随机信号历年期末题答案,semantic,True,1.0,1.0,1.0,1.0,1.0,"[208, 50, 164, 127, 15, 192, 128, 163, 209, 130]"
tfidf_bge_rrf,q004,通信原理教材和课程讲义,semantic,True,1.0,1.0,1.0,0.8145672023038535,1.0,"[168, 48, 18, 212, 50, 174, 85, 56, 20, 113]"
tfidf_bge_rrf,q005,CPS 通信原理往年期末解析,acronym,True,1.0,1.0,1.0,0.7579237460681981,1.0,"[18, 48, 209, 168, 132, 127, 206, 208, 207, 46]"
tfidf_bge_rrf,q006,DCD 数字电路设计复习资料,acronym,True,1.0,1.0,1.0,0.9220370325520013,0.95,"[47, 46, 176, 171, 206, 24, 25, 23, 22, 26]"
tfidf_bge_rrf,q007,数字通信样卷和标准答案,semantic,True,1.0,1.0,1.0,1.0,1.0,"[113, 54, 176, 172, 46, 47, 170, 103, 143, 206]"
tfidf_bge_rrf,q008,ADC 高阶数字通信期中样题答案,acronym,True,1.0,1.0,1.0,0.9832184408687481,0.9166666666666666,"[54, 172, 113, 55, 46, 48, 206, 50, 39, 131]"
tfidf_bge_rrf,q009,信息论近六年期末考试答案,semantic,True,1.0,1.0,1.0,1.0,1.0,"[210, 53, 209, 208, 132, 165, 166, 207, 167, 127]"
tfidf_bge_rrf,q010,信息论课后作业参考答案,semantic,True,1.0,1.0,1.0,0.9197207891481876,0.8333333333333333,"[167, 210, 53, 165, 166, 161, 50, 213, 212, 141]"
tfidf_bge_rrf,q011,大物二老师期末复习 PPT,exact,True,1.0,1.0,1.0,1.0,1.0,"[213, 41, 32, 158, 44, 31, 179, 159, 162, 139]"
tfidf_bge_rrf,q012,大学物理下册历年期末卷答案解析,semantic,True,1.0,0.75,1.0,0.9368830196397312,0.75,"[144, 142, 143, 39, 40, 30, 32, 33, 209, 38]"
tfidf_bge_rrf,q013,大学物理 II 例题讲解和重做,semantic,True,1.0,1.0,1.0,1.0,1.0,"[186, 187, 188, 185, 143, 39, 142, 42, 144, 40]"
tfidf_bge_rrf,q014,大物一历年期中考试答案,semantic,True,1.0,1.0,1.0,0.9413045508496032,1.0,"[30, 31, 29, 28, 39, 38, 212, 213, 162, 40]"
tfidf_bge_rrf,q015,大学物理教材作业答案,semantic,True,1.0,1.0,1.0,0.8772153153380493,0.75,"[38, 161, 144, 212, 39, 40, 142, 143, 29, 30]"
tfidf_bge_rrf,q016,概率论 2021 期末真题,exact,True,1.0,1.0,1.0,1.0,1.0,"[36, 37, 141, 42, 40, 33, 161, 26, 69, 72]"
tfidf_bge_rrf,q017,概率论教材课后习题答案,semantic,True,1.0,1.0,1.0,1.0,1.0,"[161, 50, 37, 36, 141, 38, 27, 212, 20, 160]"
tfidf_bge_rrf,q018,概率论考前复习笔记,semantic,True,1.0,1.0,1.0,1.0,1.0,"[141, 161, 36, 37, 164, 177, 179, 159, 99, 185]"
tfidf_bge_rrf,q019,线性代数期末复习讲座和往年卷,semantic,True,1.0,1.0,1.0,1.0,1.0,"[87, 88, 32, 47, 31, 213, 208, 144, 41, 27]"
tfidf_bge_rrf,q020,线代课本与习题答案,semantic,True,1.0,1.0,1.0,1.0,1.0,"[27, 50, 160, 212, 88, 48, 44, 87, 46, 129]"
tfidf_bge_rrf,q021,Calculus I 微积分一期末试卷和答案,bilingual,True,1.0,1.0,1.0,1.0,1.0,"[79, 80, 20, 162, 76, 72, 97, 85, 81, 82]"
tfidf_bge_rrf,q022,微积分二期中真题自制解析,semantic,True,1.0,1.0,1.0,1.0,1.0,"[214, 196, 144, 129, 80, 207, 130, 209, 210, 208]"
tfidf_bge_rrf,q023,Thomas Calculus 托马斯微积分教材答案,bilingual,True,1.0,1.0,1.0,1.0,1.0,"[20, 85, 80, 161, 79, 212, 38, 27, 53, 50]"
tfidf_bge_rrf,q024,信号与系统期中考试解析,semantic,True,1.0,1.0,1.0,1.0,1.0,"[129, 130, 127, 44, 128, 45, 214, 208, 31, 15]"
tfidf_bge_rrf,q025,信号与系统五年期末考讲解,semantic,True,1.0,1.0,1.0,1.0,1.0,"[127, 128, 44, 130, 129, 45, 208, 206, 210, 50]"
tfidf_bge_rrf,q026,信号与系统开卷一页纸,exact,True,1.0,1.0,1.0,1.0,1.0,"[45, 192, 15, 163, 129, 130, 44, 92, 50, 164]"
tfidf_bge_rrf,q027,CAD 电路分析与设计历年期末真题,acronym,True,1.0,1.0,1.0,1.0,1.0,"[23, 22, 26, 25, 24, 21, 131, 208, 209, 103]"
tfidf_bge_rrf,q028,电路分析知识点复习和自查,semantic,True,1.0,0.6666666666666666,1.0,0.8025953174147523,0.4166666666666667,"[21, 25, 24, 23, 26, 22, 91, 145, 47, 15]"
tfidf_bge_rrf,q029,功率半导体开卷考试一页纸,semantic,True,1.0,1.0,1.0,0.9639404333166532,0.8333333333333333,"[92, 45, 160, 192, 15, 163, 74, 73, 159, 72]"
tfidf_bge_rrf,q030,Power Electronics 功率器件历年真题,bilingual,True,1.0,1.0,1.0,1.0,1.0,"[71, 73, 74, 72, 160, 76, 144, 77, 78, 92]"
tfidf_bge_rrf,q031,ED 电子器件历年期末试卷,acronym,True,1.0,1.0,0.16666666666666666,0.492568619986503,0.2875,"[91, 74, 71, 72, 162, 76, 103, 78, 75, 77]"
tfidf_bge_rrf,q032,Electronic Devices 电子器件知识点笔记,bilingual,True,1.0,1.0,1.0,0.9197207891481876,0.8333333333333333,"[91, 77, 158, 78, 75, 76, 185, 72, 71, 74]"
tfidf_bge_rrf,q033,MNNT 微纳工艺课程 PPT,acronym,True,1.0,1.0,1.0,1.0,1.0,"[101, 100, 99, 98, 97, 102, 179, 158, 159, 117]"
tfidf_bge_rrf,q034,微纳工艺 2021 2022 期末试卷,semantic,True,1.0,1.0,1.0,1.0,1.0,"[97, 98, 99, 100, 69, 143, 101, 77, 78, 70]"
tfidf_bge_rrf,q035,微纳工艺复习题和问答资料,semantic,True,1.0,1.0,1.0,1.0,1.0,"[100, 99, 97, 98, 101, 213, 44, 160, 214, 76]"
tfidf_bge_rrf,q036,ESD 电子系统设计历年期末卷,acronym,True,1.0,1.0,1.0,1.0,1.0,"[70, 69, 68, 67, 103, 78, 77, 75, 76, 128]"
tfidf_bge_rrf,q037,Electronic System Design 样卷答案,bilingual,True,1.0,1.0,0.2,0.38685280723454163,0.2,"[67, 68, 70, 69, 103, 75, 39, 23, 130, 48]"
tfidf_bge_rrf,q038,AI ML 人工智能与机器学习期末复习,bilingual,True,1.0,1.0,1.0,0.8772153153380493,0.75,"[159, 87, 213, 207, 41, 99, 160, 32, 44, 88]"
tfidf_bge_rrf,q039,嵌入式处理器 PPT 和复习笔记,semantic,True,1.0,1.0,1.0,1.0,1.0,"[175, 179, 159, 158, 213, 41, 102, 101, 173, 99]"
tfidf_bge_rrf,q040,数字信号处理课程笔记,exact,True,1.0,1.0,1.0,1.0,1.0,"[170, 173, 176, 164, 172, 18, 50, 47, 175, 129]"
tfidf_bge_rrf,q041,电磁场与电磁波复习资料和网课教材,semantic,True,1.0,1.0,1.0,1.0,1.0,"[56, 169, 213, 100, 27, 50, 99, 47, 31, 32]"
tfidf_bge_rrf,q042,移动通信自学笔记,semantic,True,1.0,1.0,1.0,1.0,1.0,"[174, 168, 176, 164, 171, 172, 170, 141, 18, 131]"
tfidf_bge_rrf,q043,数字图像处理学习笔记,exact,True,1.0,1.0,1.0,1.0,1.0,"[173, 170, 176, 172, 175, 171, 131, 179, 159, 164]"
tfidf_bge_rrf,q044,大学英语四六级历年听力真题解析,semantic,True,1.0,1.0,1.0,1.0,1.0,"[106, 209, 196, 208, 144, 210, 132, 206, 142, 128]"
tfidf_bge_rrf,q045,EAGP 英文学术写作衔接技巧,bilingual,True,1.0,1.0,0.5,0.6309297535714574,0.5,"[149, 154, 150, 155, 153, 70, 53, 195, 156, 211]"
tfidf_bge_rrf,q046,EAGP 听力与课堂记笔记技巧,bilingual,True,1.0,1.0,1.0,0.9327783893101107,0.7,"[150, 155, 149, 154, 153, 106, 164, 169, 141, 131]"
tfidf_bge_rrf,q047,英文 Academic Poster 学术海报模板,bilingual,True,1.0,0.5,1.0,0.8262346571285599,0.5,"[197, 158, 53, 99, 41, 79, 77, 188, 23, 25]"
tfidf_bge_rrf,q048,电子科大答辩 PPT 模板,semantic,True,1.0,1.0,1.0,1.0,1.0,"[117, 102, 158, 179, 44, 213, 103, 197, 199, 41]"
tfidf_bge_rrf,q049,中国近现代史纲要思维导图重点,semantic,True,1.0,1.0,1.0,1.0,1.0,"[198, 52, 193, 183, 90, 181, 180, 182, 160, 15]"
tfidf_bge_rrf,q050,毛概期末考前背诵重点,semantic,True,1.0,1.0,1.0,1.0,1.0,"[193, 90, 198, 160, 139, 209, 206, 127, 128, 208]"
tfidf_bge_rrf,q051,马克思主义基本原理思维导图,semantic,True,1.0,1.0,1.0,1.0,1.0,"[52, 90, 198, 193, 181, 168, 18, 48, 180, 182]"
tfidf_bge_rrf,q052,军事理论期末速成笔记,semantic,True,1.0,1.0,1.0,1.0,1.0,"[183, 182, 139, 141, 52, 131, 83, 181, 180, 126]"
tfidf_bge_rrf,q053,研究生矩阵理论简明笔记,semantic,True,1.0,1.0,1.0,1.0,1.0,"[177, 178, 166, 141, 87, 164, 169, 168, 171, 175]"
tfidf_bge_rrf,q054,研究生最优化理论复习笔记,semantic,True,1.0,1.0,1.0,1.0,1.0,"[178, 177, 166, 159, 182, 183, 179, 141, 99, 131]"
tfidf_bge_rrf,q055,EfES 英语写作 Problem-Solution Essay 往年题,bilingual,True,1.0,1.0,1.0,1.0,1.0,"[196, 154, 149, 197, 195, 46, 161, 150, 30, 82]"
tfidf_bge_rrf,q056,操作系统期末试卷与答案,no_answer,False,0.0,0.0,0.0,0.0,0.0,"[129, 130, 44, 127, 128, 103, 45, 139, 209, 206]"
tfidf_bge_rrf,q057,医学影像分割深度学习教程,no_answer,False,0.0,0.0,0.0,0.0,0.0,"[170, 173, 18, 159, 178, 185, 46, 198, 92, 47]"
tfidf_bge_rrf,q058,Python 数据结构课程作业,no_answer,False,0.0,0.0,0.0,0.0,0.0,"[46, 161, 82, 85, 212, 36, 81, 30, 213, 67]"
tfidf_bge_rrf,q059,考研英语阅读真题精讲,no_answer,False,0.0,0.0,0.0,0.0,0.0,"[211, 48, 159, 195, 103, 106, 155, 26, 29, 36]"
tfidf_bge_rrf,q060,有机化学实验报告模板,no_answer,False,0.0,0.0,0.0,0.0,0.0,"[139, 141, 192, 100, 117, 45, 181, 77, 193, 213]"
bm25_bge_rrf_bge_reranker,q001,随机信号一页纸,exact,True,1.0,1.0,1.0,1.0,1.0,"[163, 192, 15, 164, 45, 50, 92, 208, 44, 141]"
bm25_bge_rrf_bge_reranker,q002,考试前快速复习随机过程和随机信号的资料,semantic,True,1.0,1.0,1.0,0.9550337350142764,1.0,"[192, 164, 163, 15, 50, 208, 45, 139, 141, 130]"
bm25_bge_rrf_bge_reranker,q003,随机信号历年期末题答案,semantic,True,1.0,1.0,0.3333333333333333,0.531730627995306,0.41666666666666663,"[163, 192, 208, 50, 45, 164, 15, 44, 130, 129]"
bm25_bge_rrf_bge_reranker,q004,通信原理教材和课程讲义,semantic,True,1.0,1.0,1.0,1.0,1.0,"[48, 18, 168, 45, 50, 176, 56, 174, 163, 212]"
bm25_bge_rrf_bge_reranker,q005,CPS 通信原理往年期末解析,acronym,True,1.0,1.0,1.0,0.7579237460681981,1.0,"[48, 18, 209, 45, 168, 130, 129, 44, 214, 127]"
bm25_bge_rrf_bge_reranker,q006,DCD 数字电路设计复习资料,acronym,True,1.0,1.0,1.0,0.9604133524599737,0.95,"[47, 176, 46, 171, 206, 22, 23, 102, 170, 21]"
bm25_bge_rrf_bge_reranker,q007,数字通信样卷和标准答案,semantic,True,1.0,1.0,1.0,1.0,1.0,"[113, 54, 103, 46, 45, 48, 163, 206, 47, 172]"
bm25_bge_rrf_bge_reranker,q008,ADC 高阶数字通信期中样题答案,acronym,True,1.0,1.0,1.0,0.9005687248376789,0.6095238095238095,"[54, 45, 69, 113, 172, 46, 55, 44, 82, 48]"
bm25_bge_rrf_bge_reranker,q009,信息论近六年期末考试答案,semantic,True,1.0,1.0,1.0,1.0,1.0,"[210, 82, 45, 53, 81, 193, 167, 196, 165, 166]"
bm25_bge_rrf_bge_reranker,q010,信息论课后作业参考答案,semantic,True,1.0,1.0,1.0,1.0,1.0,"[167, 53, 165, 166, 210, 45, 161, 82, 81, 48]"
bm25_bge_rrf_bge_reranker,q011,大物二老师期末复习 PPT,exact,True,1.0,1.0,1.0,1.0,1.0,"[213, 41, 139, 32, 162, 31, 126, 179, 158, 42]"
bm25_bge_rrf_bge_reranker,q012,大学物理下册历年期末卷答案解析,semantic,True,1.0,0.75,1.0,0.9368830196397312,0.75,"[142, 143, 144, 29, 33, 31, 39, 40, 30, 42]"
bm25_bge_rrf_bge_reranker,q013,大学物理 II 例题讲解和重做,semantic,True,1.0,1.0,1.0,1.0,1.0,"[188, 187, 186, 185, 39, 144, 143, 213, 139, 142]"
bm25_bge_rrf_bge_reranker,q014,大物一历年期中考试答案,semantic,True,1.0,1.0,1.0,0.9796808707575757,1.0,"[29, 30, 31, 28, 39, 212, 33, 162, 213, 38]"
bm25_bge_rrf_bge_reranker,q015,大学物理教材作业答案,semantic,True,1.0,1.0,1.0,0.7903864795495061,0.6,"[38, 39, 144, 142, 40, 143, 29, 30, 33, 212]"
bm25_bge_rrf_bge_reranker,q016,概率论 2021 期末真题,exact,True,1.0,1.0,1.0,1.0,1.0,"[36, 37, 141, 161, 81, 42, 69, 40, 144, 33]"
bm25_bge_rrf_bge_reranker,q017,概率论教材课后习题答案,semantic,True,1.0,1.0,1.0,1.0,1.0,"[161, 36, 37, 141, 192, 212, 50, 20, 27, 53]"
bm25_bge_rrf_bge_reranker,q018,概率论考前复习笔记,semantic,True,1.0,1.0,1.0,1.0,1.0,"[141, 192, 161, 37, 36, 159, 139, 214, 99, 158]"
bm25_bge_rrf_bge_reranker,q019,线性代数期末复习讲座和往年卷,semantic,True,1.0,1.0,1.0,1.0,1.0,"[87, 88, 213, 45, 47, 31, 32, 144, 27, 214]"
bm25_bge_rrf_bge_reranker,q020,线代课本与习题答案,semantic,True,1.0,1.0,1.0,1.0,1.0,"[27, 88, 87, 160, 46, 45, 44, 212, 50, 139]"
bm25_bge_rrf_bge_reranker,q021,Calculus I 微积分一期末试卷和答案,bilingual,True,1.0,1.0,1.0,1.0,1.0,"[80, 79, 45, 82, 81, 98, 100, 76, 20, 214]"
bm25_bge_rrf_bge_reranker,q022,微积分二期中真题自制解析,semantic,True,1.0,1.0,1.0,1.0,1.0,"[214, 82, 196, 100, 99, 81, 79, 129, 76, 80]"
bm25_bge_rrf_bge_reranker,q023,Thomas Calculus 托马斯微积分教材答案,bilingual,True,1.0,1.0,1.0,1.0,1.0,"[20, 85, 80, 79, 212, 82, 161, 100, 29, 27]"
bm25_bge_rrf_bge_reranker,q024,信号与系统期中考试解析,semantic,True,1.0,1.0,1.0,1.0,1.0,"[130, 129, 45, 127, 128, 44, 48, 54, 192, 15]"
bm25_bge_rrf_bge_reranker,q025,信号与系统五年期末考讲解,semantic,True,1.0,1.0,0.5,0.6934264036172708,0.5833333333333333,"[45, 127, 128, 44, 129, 130, 48, 192, 67, 206]"
bm25_bge_rrf_bge_reranker,q026,信号与系统开卷一页纸,exact,True,1.0,1.0,1.0,1.0,1.0,"[45, 192, 163, 15, 48, 44, 92, 130, 129, 127]"
bm25_bge_rrf_bge_reranker,q027,CAD 电路分析与设计历年期末真题,acronym,True,1.0,1.0,1.0,1.0,1.0,"[22, 23, 26, 25, 24, 21, 131, 76, 46, 68]"
bm25_bge_rrf_bge_reranker,q028,电路分析知识点复习和自查,semantic,True,1.0,0.6666666666666666,1.0,0.878961873034099,0.6666666666666666,"[21, 145, 25, 22, 26, 23, 24, 47, 158, 15]"
bm25_bge_rrf_bge_reranker,q029,功率半导体开卷考试一页纸,semantic,True,1.0,1.0,1.0,0.9327783893101107,0.7,"[92, 74, 73, 72, 160, 192, 45, 163, 158, 15]"
bm25_bge_rrf_bge_reranker,q030,Power Electronics 功率器件历年真题,bilingual,True,1.0,1.0,1.0,1.0,1.0,"[71, 73, 72, 74, 92, 160, 68, 76, 196, 158]"
bm25_bge_rrf_bge_reranker,q031,ED 电子器件历年期末试卷,acronym,True,1.0,1.0,1.0,1.0,1.0,"[77, 76, 75, 78, 91, 158, 196, 103, 69, 68]"
bm25_bge_rrf_bge_reranker,q032,Electronic Devices 电子器件知识点笔记,bilingual,True,1.0,1.0,1.0,1.0,1.0,"[91, 158, 76, 78, 159, 77, 75, 74, 126, 72]"
bm25_bge_rrf_bge_reranker,q033,MNNT 微纳工艺课程 PPT,acronym,True,1.0,1.0,1.0,1.0,1.0,"[101, 100, 99, 97, 98, 179, 102, 117, 213, 158]"
bm25_bge_rrf_bge_reranker,q034,微纳工艺 2021 2022 期末试卷,semantic,True,1.0,1.0,1.0,1.0,1.0,"[97, 98, 100, 99, 101, 69, 76, 77, 143, 142]"
bm25_bge_rrf_bge_reranker,q035,微纳工艺复习题和问答资料,semantic,True,1.0,1.0,1.0,1.0,1.0,"[99, 100, 98, 97, 101, 214, 76, 213, 160, 153]"
bm25_bge_rrf_bge_reranker,q036,ESD 电子系统设计历年期末卷,acronym,True,1.0,1.0,1.0,1.0,1.0,"[70, 68, 67, 69, 103, 76, 78, 196, 77, 75]"
bm25_bge_rrf_bge_reranker,q037,Electronic System Design 样卷答案,bilingual,True,1.0,1.0,0.2,0.38685280723454163,0.2,"[69, 68, 70, 67, 103, 54, 78, 75, 45, 25]"
bm25_bge_rrf_bge_reranker,q038,AI ML 人工智能与机器学习期末复习,bilingual,True,1.0,1.0,1.0,1.0,1.0,"[159, 207, 213, 45, 52, 87, 160, 162, 179, 41]"
bm25_bge_rrf_bge_reranker,q039,嵌入式处理器 PPT 和复习笔记,semantic,True,1.0,1.0,1.0,1.0,1.0,"[179, 175, 159, 158, 213, 100, 99, 117, 102, 101]"
bm25_bge_rrf_bge_reranker,q040,数字信号处理课程笔记,exact,True,1.0,1.0,1.0,1.0,1.0,"[170, 173, 45, 164, 48, 172, 18, 176, 47, 179]"
bm25_bge_rrf_bge_reranker,q041,电磁场与电磁波复习资料和网课教材,semantic,True,1.0,1.0,1.0,1.0,1.0,"[56, 169, 41, 213, 150, 45, 149, 212, 47, 99]"
bm25_bge_rrf_bge_reranker,q042,移动通信自学笔记,semantic,True,1.0,1.0,1.0,1.0,1.0,"[174, 172, 171, 168, 164, 170, 176, 48, 169, 141]"
bm25_bge_rrf_bge_reranker,q043,数字图像处理学习笔记,exact,True,1.0,1.0,1.0,1.0,1.0,"[173, 170, 18, 131, 150, 155, 179, 172, 126, 176]"
bm25_bge_rrf_bge_reranker,q044,大学英语四六级历年听力真题解析,semantic,True,1.0,1.0,1.0,1.0,1.0,"[106, 193, 46, 196, 81, 150, 155, 195, 67, 103]"
bm25_bge_rrf_bge_reranker,q045,EAGP 英文学术写作衔接技巧,bilingual,True,1.0,1.0,1.0,1.0,1.0,"[154, 155, 149, 153, 150, 193, 198, 45, 197, 178]"
bm25_bge_rrf_bge_reranker,q046,EAGP 听力与课堂记笔记技巧,bilingual,True,1.0,1.0,1.0,0.9327783893101107,0.7,"[150, 154, 155, 149, 153, 195, 45, 169, 126, 106]"
bm25_bge_rrf_bge_reranker,q047,英文 Academic Poster 学术海报模板,bilingual,True,1.0,0.5,1.0,0.8262346571285599,0.5,"[197, 193, 198, 48, 213, 41, 18, 158, 90, 212]"
bm25_bge_rrf_bge_reranker,q048,电子科大答辩 PPT 模板,semantic,True,1.0,1.0,0.5,0.6309297535714574,0.5,"[197, 117, 191, 101, 158, 102, 179, 213, 41, 44]"
bm25_bge_rrf_bge_reranker,q049,中国近现代史纲要思维导图重点,semantic,True,1.0,1.0,1.0,1.0,1.0,"[198, 52, 193, 181, 183, 90, 182, 180, 178, 160]"
bm25_bge_rrf_bge_reranker,q050,毛概期末考前背诵重点,semantic,True,1.0,1.0,1.0,1.0,1.0,"[90, 193, 198, 52, 213, 141, 139, 126, 160, 159]"
bm25_bge_rrf_bge_reranker,q051,马克思主义基本原理思维导图,semantic,True,1.0,1.0,1.0,1.0,1.0,"[52, 193, 90, 198, 181, 183, 180, 48, 182, 168]"
bm25_bge_rrf_bge_reranker,q052,军事理论期末速成笔记,semantic,True,1.0,1.0,1.0,1.0,1.0,"[182, 183, 139, 141, 126, 52, 193, 178, 179, 180]"
bm25_bge_rrf_bge_reranker,q053,研究生矩阵理论简明笔记,semantic,True,1.0,1.0,1.0,1.0,1.0,"[177, 178, 193, 158, 141, 166, 87, 159, 181, 183]"
bm25_bge_rrf_bge_reranker,q054,研究生最优化理论复习笔记,semantic,True,1.0,1.0,1.0,1.0,1.0,"[178, 177, 183, 198, 181, 52, 90, 166, 141, 159]"
bm25_bge_rrf_bge_reranker,q055,EfES 英语写作 Problem-Solution Essay 往年题,bilingual,True,1.0,1.0,1.0,1.0,1.0,"[196, 154, 195, 197, 150, 193, 149, 82, 155, 81]"
bm25_bge_rrf_bge_reranker,q056,操作系统期末试卷与答案,no_answer,False,0.0,0.0,0.0,0.0,0.0,"[45, 76, 103, 196, 44, 162, 81, 128, 127, 129]"
bm25_bge_rrf_bge_reranker,q057,医学影像分割深度学习教程,no_answer,False,0.0,0.0,0.0,0.0,0.0,"[178, 213, 46, 99, 173, 100, 211, 47, 169, 97]"
bm25_bge_rrf_bge_reranker,q058,Python 数据结构课程作业,no_answer,False,0.0,0.0,0.0,0.0,0.0,"[212, 81, 213, 82, 46, 48, 211, 161, 139, 167]"
bm25_bge_rrf_bge_reranker,q059,考研英语阅读真题精讲,no_answer,False,0.0,0.0,0.0,0.0,0.0,"[193, 155, 76, 211, 150, 81, 195, 48, 39, 33]"
bm25_bge_rrf_bge_reranker,q060,有机化学实验报告模板,no_answer,False,0.0,0.0,0.0,0.0,0.0,"[45, 163, 100, 192, 213, 193, 212, 67, 141, 77]"
